season_label,season_type,game_id,game_date,home_team,away_team,event_ticker,ticker,market_type,category,sub_category,title,subtitle,yes_sub_title,no_sub_title,status
2025-26,Regular Season,0022500001,2025-10-21,OKC,HOU,KXNBAGAME-25OCT21HOUOKC,KXNBAGAME-25OCT21HOUOKC-OKC,binary,,,Houston vs Oklahoma City Winner?,,Oklahoma City,Oklahoma City,finalized
2025-26,Regular Season,0022500001,2025-10-21,OKC,HOU,KXNBAGAME-25OCT21HOUOKC,KXNBAGAME-25OCT21HOUOKC-HOU,binary,,,Houston vs Oklahoma City Winner?,,Houston,Houston,finalized
2025-26,Regular Season,0022500002,2025-10-21,LAL,GSW,KXNBAGAME-25OCT21GSWLAL,KXNBAGAME-25OCT21GSWLAL-LAL,binary,,,Golden State vs Los Angeles L Winner?,,Los Angeles L,Los Angeles L,finalized
2025-26,Regular Season,0022500002,2025-10-21,LAL,GSW,KXNBAGAME-25OCT21GSWLAL,KXNBAGAME-25OCT21GSWLAL-GSW,binary,,,Golden State vs Los Angeles L Winner?,,Golden State,Golden State,finalized
2025-26,Regular Season,0022500003,2025-10-22,NYK,CLE,KXNBAGAME-25OCT22CLENYK,KXNBAGAME-25OCT22CLENYK-NYK,binary,,,Cleveland vs New York Winner?,,New York,New York,finalized
2025-26,Regular Season,0022500003,2025-10-22,NYK,CLE,KXNBAGAME-25OCT22CLENYK,KXNBAGAME-25OCT22CLENYK-CLE,binary,,,Cleveland vs New York Winner?,,Cleveland,Cleveland,finalized
2025-26,Regular Season,0022500004,2025-10-22,DAL,SAS,KXNBAGAME-25OCT22SASDAL,KXNBAGAME-25OCT22SASDAL-SAS,binary,,,San Antonio vs Dallas Winner?,,San Antonio,San Antonio,finalized
2025-26,Regular Season,0022500004,2025-10-22,DAL,SAS,KXNBAGAME-25OCT22SASDAL,KXNBAGAME-25OCT22SASDAL-DAL,binary,,,San Antonio vs Dallas Winner?,,Dallas,Dallas,finalized
2025-26,Regular Season,0022500080,2025-10-22,CHA,BKN,KXNBAGAME-25OCT22BKNCHA,KXNBAGAME-25OCT22BKNCHA-CHA,binary,,,Brooklyn vs Charlotte Winner?,,Charlotte,Charlotte,finalized
2025-26,Regular Season,0022500080,2025-10-22,CHA,BKN,KXNBAGAME-25OCT22BKNCHA,KXNBAGAME-25OCT22BKNCHA-BKN,binary,,,Brooklyn vs Charlotte Winner?,,Brooklyn,Brooklyn,finalized
2025-26,Regular Season,0022500081,2025-10-22,ORL,MIA,KXNBAGAME-25OCT22MIAORL,KXNBAGAME-25OCT22MIAORL-ORL,binary,,,Miami vs Orlando Winner?,,Orlando,Orlando,finalized
2025-26,Regular Season,0022500081,2025-10-22,ORL,MIA,KXNBAGAME-25OCT22MIAORL,KXNBAGAME-25OCT22MIAORL-MIA,binary,,,Miami vs Orlando Winner?,,Miami,Miami,finalized
2025-26,Regular Season,0022500082,2025-10-22,ATL,TOR,KXNBAGAME-25OCT22TORATL,KXNBAGAME-25OCT22TORATL-TOR,binary,,,Toronto vs Atlanta Winner?,,Toronto,Toronto,finalized
2025-26,Regular Season,0022500082,2025-10-22,ATL,TOR,KXNBAGAME-25OCT22TORATL,KXNBAGAME-25OCT22TORATL-ATL,binary,,,Toronto vs Atlanta Winner?,,Atlanta,Atlanta,finalized
2025-26,Regular Season,0022500083,2025-10-22,BOS,PHI,KXNBAGAME-25OCT22PHIBOS,KXNBAGAME-25OCT22PHIBOS-PHI,binary,,,Philadelphia vs Boston Winner?,,Philadelphia,Philadelphia,finalized
2025-26,Regular Season,0022500083,2025-10-22,BOS,PHI,KXNBAGAME-25OCT22PHIBOS,KXNBAGAME-25OCT22PHIBOS-BOS,binary,,,Philadelphia vs Boston Winner?,,Boston,Boston,finalized
2025-26,Regular Season,0022500084,2025-10-22,CHI,DET,KXNBAGAME-25OCT22DETCHI,KXNBAGAME-25OCT22DETCHI-DET,binary,,,Detroit vs Chicago Winner?,,Detroit,Detroit,finalized
2025-26,Regular Season,0022500084,2025-10-22,CHI,DET,KXNBAGAME-25OCT22DETCHI,KXNBAGAME-25OCT22DETCHI-CHI,binary,,,Detroit vs Chicago Winner?,,Chicago,Chicago,finalized
2025-26,Regular Season,0022500085,2025-10-22,MEM,NOP,KXNBAGAME-25OCT22NOPMEM,KXNBAGAME-25OCT22NOPMEM-NOP,binary,,,New Orleans vs Memphis Winner?,,New Orleans,New Orleans,finalized
2025-26,Regular Season,0022500085,2025-10-22,MEM,NOP,KXNBAGAME-25OCT22NOPMEM,KXNBAGAME-25OCT22NOPMEM-MEM,binary,,,New Orleans vs Memphis Winner?,,Memphis,Memphis,finalized
2025-26,Regular Season,0022500086,2025-10-22,MIL,WAS,KXNBAGAME-25OCT22WASMIL,KXNBAGAME-25OCT22WASMIL-WAS,binary,,,Washington vs Milwaukee Winner?,,Washington,Washington,finalized
2025-26,Regular Season,0022500086,2025-10-22,MIL,WAS,KXNBAGAME-25OCT22WASMIL,KXNBAGAME-25OCT22WASMIL-MIL,binary,,,Washington vs Milwaukee Winner?,,Milwaukee,Milwaukee,finalized
2025-26,Regular Season,0022500087,2025-10-22,UTA,LAC,KXNBAGAME-25OCT22LACUTA,KXNBAGAME-25OCT22LACUTA-UTA,binary,,,Los Angeles C vs Utah Winner?,,Utah,Utah,finalized
2025-26,Regular Season,0022500087,2025-10-22,UTA,LAC,KXNBAGAME-25OCT22LACUTA,KXNBAGAME-25OCT22LACUTA-LAC,binary,,,Los Angeles C vs Utah Winner?,,Los Angeles C,Los Angeles C,finalized
2025-26,Regular Season,0022500088,2025-10-22,PHX,SAC,KXNBAGAME-25OCT22SACPHX,KXNBAGAME-25OCT22SACPHX-SAC,binary,,,Sacramento vs Phoenix Winner?,,Sacramento,Sacramento,finalized
2025-26,Regular Season,0022500088,2025-10-22,PHX,SAC,KXNBAGAME-25OCT22SACPHX,KXNBAGAME-25OCT22SACPHX-PHX,binary,,,Sacramento vs Phoenix Winner?,,Phoenix,Phoenix,finalized
2025-26,Regular Season,0022500089,2025-10-22,POR,MIN,KXNBAGAME-25OCT22MINPOR,KXNBAGAME-25OCT22MINPOR-POR,binary,,,Minnesota vs Portland Winner?,,Portland,Portland,finalized
2025-26,Regular Season,0022500089,2025-10-22,POR,MIN,KXNBAGAME-25OCT22MINPOR,KXNBAGAME-25OCT22MINPOR-MIN,binary,,,Minnesota vs Portland Winner?,,Minnesota,Minnesota,finalized
2025-26,Regular Season,0022500005,2025-10-23,IND,OKC,KXNBAGAME-25OCT23OKCIND,KXNBAGAME-25OCT23OKCIND-OKC,binary,,,Oklahoma City vs Indiana Winner?,,Oklahoma City,Oklahoma City,finalized
2025-26,Regular Season,0022500005,2025-10-23,IND,OKC,KXNBAGAME-25OCT23OKCIND,KXNBAGAME-25OCT23OKCIND-IND,binary,,,Oklahoma City vs Indiana Winner?,,Indiana,Indiana,finalized
2025-26,Regular Season,0022500006,2025-10-23,GSW,DEN,KXNBAGAME-25OCT23DENGSW,KXNBAGAME-25OCT23DENGSW-GSW,binary,,,Denver vs Golden State Winner?,,Golden State,Golden State,finalized
2025-26,Regular Season,0022500006,2025-10-23,GSW,DEN,KXNBAGAME-25OCT23DENGSW,KXNBAGAME-25OCT23DENGSW-DEN,binary,,,Denver vs Golden State Winner?,,Denver,Denver,finalized
2025-26,Regular Season,0022500018,2025-10-24,NYK,BOS,KXNBAGAME-25OCT24BOSNYK,KXNBAGAME-25OCT24BOSNYK-NYK,binary,,,Boston vs New York Winner?,,New York,New York,finalized
2025-26,Regular Season,0022500018,2025-10-24,NYK,BOS,KXNBAGAME-25OCT24BOSNYK,KXNBAGAME-25OCT24BOSNYK-BOS,binary,,,Boston vs New York Winner?,,Boston,Boston,finalized
2025-26,Regular Season,0022500019,2025-10-24,LAL,MIN,KXNBAGAME-25OCT24MINLAL,KXNBAGAME-25OCT24MINLAL-MIN,binary,,,Minnesota vs Los Angeles L Winner?,,Minnesota,Minnesota,finalized
2025-26,Regular Season,0022500019,2025-10-24,LAL,MIN,KXNBAGAME-25OCT24MINLAL,KXNBAGAME-25OCT24MINLAL-LAL,binary,,,Minnesota vs Los Angeles L Winner?,,Los Angeles L,Los Angeles L,finalized
2025-26,Regular Season,0022500090,2025-10-24,ORL,ATL,KXNBAGAME-25OCT24ATLORL,KXNBAGAME-25OCT24ATLORL-ORL,binary,,,Atlanta vs Orlando Winner?,,Orlando,Orlando,finalized
2025-26,Regular Season,0022500090,2025-10-24,ORL,ATL,KXNBAGAME-25OCT24ATLORL,KXNBAGAME-25OCT24ATLORL-ATL,binary,,,Atlanta vs Orlando Winner?,,Atlanta,Atlanta,finalized
2025-26,Regular Season,0022500091,2025-10-24,BKN,CLE,KXNBAGAME-25OCT24CLEBKN,KXNBAGAME-25OCT24CLEBKN-CLE,binary,,,Cleveland vs Brooklyn Winner?,,Cleveland,Cleveland,finalized
2025-26,Regular Season,0022500091,2025-10-24,BKN,CLE,KXNBAGAME-25OCT24CLEBKN,KXNBAGAME-25OCT24CLEBKN-BKN,binary,,,Cleveland vs Brooklyn Winner?,,Brooklyn,Brooklyn,finalized
2025-26,Regular Season,0022500092,2025-10-24,TOR,MIL,KXNBAGAME-25OCT24MILTOR,KXNBAGAME-25OCT24MILTOR-TOR,binary,,,Milwaukee vs Toronto Winner?,,Toronto,Toronto,finalized
2025-26,Regular Season,0022500092,2025-10-24,TOR,MIL,KXNBAGAME-25OCT24MILTOR,KXNBAGAME-25OCT24MILTOR-MIL,binary,,,Milwaukee vs Toronto Winner?,,Milwaukee,Milwaukee,finalized
2025-26,Regular Season,0022500093,2025-10-24,HOU,DET,KXNBAGAME-25OCT24DETHOU,KXNBAGAME-25OCT24DETHOU-HOU,binary,,,Detroit vs Houston Winner?,,Houston,Houston,finalized
2025-26,Regular Season,0022500093,2025-10-24,HOU,DET,KXNBAGAME-25OCT24DETHOU,KXNBAGAME-25OCT24DETHOU-DET,binary,,,Detroit vs Houston Winner?,,Detroit,Detroit,finalized
2025-26,Regular Season,0022500094,2025-10-24,MEM,MIA,KXNBAGAME-25OCT24MIAMEM,KXNBAGAME-25OCT24MIAMEM-MIA,binary,,,Miami vs Memphis Winner?,,Miami,Miami,finalized
2025-26,Regular Season,0022500094,2025-10-24,MEM,MIA,KXNBAGAME-25OCT24MIAMEM,KXNBAGAME-25OCT24MIAMEM-MEM,binary,,,Miami vs Memphis Winner?,,Memphis,Memphis,finalized
2025-26,Regular Season,0022500095,2025-10-24,NOP,SAS,KXNBAGAME-25OCT24SASNOP,KXNBAGAME-25OCT24SASNOP-SAS,binary,,,San Antonio vs New Orleans Winner?,,San Antonio,San Antonio,finalized
2025-26,Regular Season,0022500095,2025-10-24,NOP,SAS,KXNBAGAME-25OCT24SASNOP,KXNBAGAME-25OCT24SASNOP-NOP,binary,,,San Antonio vs New Orleans Winner?,,New Orleans,New Orleans,finalized
2025-26,Regular Season,0022500096,2025-10-24,DAL,WAS,KXNBAGAME-25OCT24WASDAL,KXNBAGAME-25OCT24WASDAL-WAS,binary,,,Washington vs Dallas Winner?,,Washington,Washington,finalized
2025-26,Regular Season,0022500096,2025-10-24,DAL,WAS,KXNBAGAME-25OCT24WASDAL,KXNBAGAME-25OCT24WASDAL-DAL,binary,,,Washington vs Dallas Winner?,,Dallas,Dallas,finalized
2025-26,Regular Season,0022500097,2025-10-24,POR,GSW,KXNBAGAME-25OCT24GSWPOR,KXNBAGAME-25OCT24GSWPOR-POR,binary,,,Golden State vs Portland Winner?,,Portland,Portland,finalized
2025-26,Regular Season,0022500097,2025-10-24,POR,GSW,KXNBAGAME-25OCT24GSWPOR,KXNBAGAME-25OCT24GSWPOR-GSW,binary,,,Golden State vs Portland Winner?,,Golden State,Golden State,finalized
2025-26,Regular Season,0022500098,2025-10-24,SAC,UTA,KXNBAGAME-25OCT24UTASAC,KXNBAGAME-25OCT24UTASAC-UTA,binary,,,Utah vs Sacramento Winner?,,Utah,Utah,finalized
2025-26,Regular Season,0022500098,2025-10-24,SAC,UTA,KXNBAGAME-25OCT24UTASAC,KXNBAGAME-25OCT24UTASAC-SAC,binary,,,Utah vs Sacramento Winner?,,Sacramento,Sacramento,finalized
2025-26,Regular Season,0022500099,2025-10-24,LAC,PHX,KXNBAGAME-25OCT24PHXLAC,KXNBAGAME-25OCT24PHXLAC-PHX,binary,,,Phoenix vs Los Angeles C Winner?,,Phoenix,Phoenix,finalized
2025-26,Regular Season,0022500099,2025-10-24,LAC,PHX,KXNBAGAME-25OCT24PHXLAC,KXNBAGAME-25OCT24PHXLAC-LAC,binary,,,Phoenix vs Los Angeles C Winner?,,Los Angeles C,Los Angeles C,finalized
2025-26,Regular Season,0022500100,2025-10-25,ORL,CHI,KXNBAGAME-25OCT25CHIORL,KXNBAGAME-25OCT25CHIORL-ORL,binary,,,Chicago vs Orlando Winner?,,Orlando,Orlando,finalized
2025-26,Regular Season,0022500100,2025-10-25,ORL,CHI,KXNBAGAME-25OCT25CHIORL,KXNBAGAME-25OCT25CHIORL-CHI,binary,,,Chicago vs Orlando Winner?,,Chicago,Chicago,finalized
2025-26,Regular Season,0022500101,2025-10-25,ATL,OKC,KXNBAGAME-25OCT25OKCATL,KXNBAGAME-25OCT25OKCATL-OKC,binary,,,Oklahoma City vs Atlanta Winner?,,Oklahoma City,Oklahoma City,finalized
2025-26,Regular Season,0022500101,2025-10-25,ATL,OKC,KXNBAGAME-25OCT25OKCATL,KXNBAGAME-25OCT25OKCATL-ATL,binary,,,Oklahoma City vs Atlanta Winner?,,Atlanta,Atlanta,finalized
2025-26,Regular Season,0022500102,2025-10-25,PHI,CHA,KXNBAGAME-25OCT25CHAPHI,KXNBAGAME-25OCT25CHAPHI-PHI,binary,,,Charlotte vs Philadelphia Winner?,,Philadelphia,Philadelphia,finalized
2025-26,Regular Season,0022500102,2025-10-25,PHI,CHA,KXNBAGAME-25OCT25CHAPHI,KXNBAGAME-25OCT25CHAPHI-CHA,binary,,,Charlotte vs Philadelphia Winner?,,Charlotte,Charlotte,finalized
2025-26,Regular Season,0022500103,2025-10-25,MEM,IND,KXNBAGAME-25OCT25INDMEM,KXNBAGAME-25OCT25INDMEM-MEM,binary,,,Indiana vs Memphis Winner?,,Memphis,Memphis,finalized
2025-26,Regular Season,0022500103,2025-10-25,MEM,IND,KXNBAGAME-25OCT25INDMEM,KXNBAGAME-25OCT25INDMEM-IND,binary,,,Indiana vs Memphis Winner?,,Indiana,Indiana,finalized
2025-26,Regular Season,0022500104,2025-10-25,DEN,PHX,KXNBAGAME-25OCT25PHXDEN,KXNBAGAME-25OCT25PHXDEN-PHX,binary,,,Phoenix vs Denver Winner?,,Phoenix,Phoenix,finalized
2025-26,Regular Season,0022500104,2025-10-25,DEN,PHX,KXNBAGAME-25OCT25PHXDEN,KXNBAGAME-25OCT25PHXDEN-DEN,binary,,,Phoenix vs Denver Winner?,,Denver,Denver,finalized
2025-26,Regular Season,0022500105,2025-10-26,SAS,BKN,KXNBAGAME-25OCT26BKNSAS,KXNBAGAME-25OCT26BKNSAS-SAS,binary,,,Brooklyn vs San Antonio Winner?,,San Antonio,San Antonio,finalized
2025-26,Regular Season,0022500105,2025-10-26,SAS,BKN,KXNBAGAME-25OCT26BKNSAS,KXNBAGAME-25OCT26BKNSAS-BKN,binary,,,Brooklyn vs San Antonio Winner?,,Brooklyn,Brooklyn,finalized
2025-26,Regular Season,0022500106,2025-10-26,DET,BOS,KXNBAGAME-25OCT26BOSDET,KXNBAGAME-25OCT26BOSDET-DET,binary,,,Boston vs Detroit Winner?,,Detroit,Detroit,finalized
2025-26,Regular Season,0022500106,2025-10-26,DET,BOS,KXNBAGAME-25OCT26BOSDET,KXNBAGAME-25OCT26BOSDET-BOS,binary,,,Boston vs Detroit Winner?,,Boston,Boston,finalized
2025-26,Regular Season,0022500107,2025-10-26,CLE,MIL,KXNBAGAME-25OCT26MILCLE,KXNBAGAME-25OCT26MILCLE-MIL,binary,,,Milwaukee vs Cleveland Winner?,,Milwaukee,Milwaukee,finalized
2025-26,Regular Season,0022500107,2025-10-26,CLE,MIL,KXNBAGAME-25OCT26MILCLE,KXNBAGAME-25OCT26MILCLE-CLE,binary,,,Milwaukee vs Cleveland Winner?,,Cleveland,Cleveland,finalized
2025-26,Regular Season,0022500108,2025-10-26,MIA,NYK,KXNBAGAME-25OCT26NYKMIA,KXNBAGAME-25OCT26NYKMIA-NYK,binary,,,New York vs Miami Winner?,,New York,New York,finalized
2025-26,Regular Season,0022500108,2025-10-26,MIA,NYK,KXNBAGAME-25OCT26NYKMIA,KXNBAGAME-25OCT26NYKMIA-MIA,binary,,,New York vs Miami Winner?,,Miami,Miami,finalized
2025-26,Regular Season,0022500109,2025-10-26,WAS,CHA,KXNBAGAME-25OCT26CHAWAS,KXNBAGAME-25OCT26CHAWAS-WAS,binary,,,Charlotte vs Washington Winner?,,Washington,Washington,finalized
2025-26,Regular Season,0022500109,2025-10-26,WAS,CHA,KXNBAGAME-25OCT26CHAWAS,KXNBAGAME-25OCT26CHAWAS-CHA,binary,,,Charlotte vs Washington Winner?,,Charlotte,Charlotte,finalized
2025-26,Regular Season,0022500110,2025-10-26,MIN,IND,KXNBAGAME-25OCT26INDMIN,KXNBAGAME-25OCT26INDMIN-MIN,binary,,,Indiana vs Minnesota Winner?,,Minnesota,Minnesota,finalized
2025-26,Regular Season,0022500110,2025-10-26,MIN,IND,KXNBAGAME-25OCT26INDMIN,KXNBAGAME-25OCT26INDMIN-IND,binary,,,Indiana vs Minnesota Winner?,,Indiana,Indiana,finalized
2025-26,Regular Season,0022500111,2025-10-26,DAL,TOR,KXNBAGAME-25OCT26TORDAL,KXNBAGAME-25OCT26TORDAL-TOR,binary,,,Toronto vs Dallas Winner?,,Toronto,Toronto,finalized
2025-26,Regular Season,0022500111,2025-10-26,DAL,TOR,KXNBAGAME-25OCT26TORDAL,KXNBAGAME-25OCT26TORDAL-DAL,binary,,,Toronto vs Dallas Winner?,,Dallas,Dallas,finalized
2025-26,Regular Season,0022500112,2025-10-26,LAC,POR,KXNBAGAME-25OCT26PORLAC,KXNBAGAME-25OCT26PORLAC-POR,binary,,,Portland vs Los Angeles C Winner?,,Portland,Portland,finalized
2025-26,Regular Season,0022500112,2025-10-26,LAC,POR,KXNBAGAME-25OCT26PORLAC,KXNBAGAME-25OCT26PORLAC-LAC,binary,,,Portland vs Los Angeles C Winner?,,Los Angeles C,Los Angeles C,finalized
2025-26,Regular Season,0022500113,2025-10-26,SAC,LAL,KXNBAGAME-25OCT26LALSAC,KXNBAGAME-25OCT26LALSAC-SAC,binary,,,Los Angeles L vs Sacramento Winner?,,Sacramento,Sacramento,finalized
2025-26,Regular Season,0022500113,2025-10-26,SAC,LAL,KXNBAGAME-25OCT26LALSAC,KXNBAGAME-25OCT26LALSAC-LAL,binary,,,Los Angeles L vs Sacramento Winner?,,Los Angeles L,Los Angeles L,finalized
2025-26,Regular Season,0022500007,2025-10-27,DET,CLE,KXNBAGAME-25OCT27CLEDET,KXNBAGAME-25OCT27CLEDET-DET,binary,,,Cleveland vs Detroit Winner?,,Detroit,Detroit,finalized
2025-26,Regular Season,0022500007,2025-10-27,DET,CLE,KXNBAGAME-25OCT27CLEDET,KXNBAGAME-25OCT27CLEDET-CLE,binary,,,Cleveland vs Detroit Winner?,,Cleveland,Cleveland,finalized
2025-26,Regular Season,0022500008,2025-10-27,MIN,DEN,KXNBAGAME-25OCT27DENMIN,KXNBAGAME-25OCT27DENMIN-MIN,binary,,,Denver vs Minnesota Winner?,,Minnesota,Minnesota,finalized
2025-26,Regular Season,0022500008,2025-10-27,MIN,DEN,KXNBAGAME-25OCT27DENMIN,KXNBAGAME-25OCT27DENMIN-DEN,binary,,,Denver vs Minnesota Winner?,,Denver,Denver,finalized
2025-26,Regular Season,0022500114,2025-10-27,PHI,ORL,KXNBAGAME-25OCT27ORLPHI,KXNBAGAME-25OCT27ORLPHI-PHI,binary,,,Orlando vs Philadelphia Winner?,,Philadelphia,Philadelphia,finalized
2025-26,Regular Season,0022500114,2025-10-27,PHI,ORL,KXNBAGAME-25OCT27ORLPHI,KXNBAGAME-25OCT27ORLPHI-ORL,binary,,,Orlando vs Philadelphia Winner?,,Orlando,Orlando,finalized
2025-26,Regular Season,0022500115,2025-10-27,CHI,ATL,KXNBAGAME-25OCT27ATLCHI,KXNBAGAME-25OCT27ATLCHI-CHI,binary,,,Atlanta vs Chicago Winner?,,Chicago,Chicago,finalized
2025-26,Regular Season,0022500115,2025-10-27,CHI,ATL,KXNBAGAME-25OCT27ATLCHI,KXNBAGAME-25OCT27ATLCHI-ATL,binary,,,Atlanta vs Chicago Winner?,,Atlanta,Atlanta,finalized
2025-26,Regular Season,0022500116,2025-10-27,HOU,BKN,KXNBAGAME-25OCT27BKNHOU,KXNBAGAME-25OCT27BKNHOU-HOU,binary,,,Brooklyn vs Houston Winner?,,Houston,Houston,finalized
2025-26,Regular Season,0022500116,2025-10-27,HOU,BKN,KXNBAGAME-25OCT27BKNHOU,KXNBAGAME-25OCT27BKNHOU-BKN,binary,,,Brooklyn vs Houston Winner?,,Brooklyn,Brooklyn,finalized
2025-26,Regular Season,0022500117,2025-10-27,NOP,BOS,KXNBAGAME-25OCT27BOSNOP,KXNBAGAME-25OCT27BOSNOP-NOP,binary,,,Boston vs New Orleans Winner?,,New Orleans,New Orleans,finalized
2025-26,Regular Season,0022500117,2025-10-27,NOP,BOS,KXNBAGAME-25OCT27BOSNOP,KXNBAGAME-25OCT27BOSNOP-BOS,binary,,,Boston vs New Orleans Winner?,,Boston,Boston,finalized
2025-26,Regular Season,0022500118,2025-10-27,SAS,TOR,KXNBAGAME-25OCT27TORSAS,KXNBAGAME-25OCT27TORSAS-TOR,binary,,,Toronto vs San Antonio Winner?,,Toronto,Toronto,finalized
2025-26,Regular Season,0022500118,2025-10-27,SAS,TOR,KXNBAGAME-25OCT27TORSAS,KXNBAGAME-25OCT27TORSAS-SAS,binary,,,Toronto vs San Antonio Winner?,,San Antonio,San Antonio,finalized
2025-26,Regular Season,0022500119,2025-10-27,DAL,OKC,KXNBAGAME-25OCT27OKCDAL,KXNBAGAME-25OCT27OKCDAL-OKC,binary,,,Oklahoma City vs Dallas Winner?,,Oklahoma City,Oklahoma City,finalized
2025-26,Regular Season,0022500119,2025-10-27,DAL,OKC,KXNBAGAME-25OCT27OKCDAL,KXNBAGAME-25OCT27OKCDAL-DAL,binary,,,Oklahoma City vs Dallas Winner?,,Dallas,Dallas,finalized
2025-26,Regular Season,0022500120,2025-10-27,UTA,PHX,KXNBAGAME-25OCT27PHXUTA,KXNBAGAME-25OCT27PHXUTA-UTA,binary,,,Phoenix vs Utah Winner?,,Utah,Utah,finalized
2025-26,Regular Season,0022500120,2025-10-27,UTA,PHX,KXNBAGAME-25OCT27PHXUTA,KXNBAGAME-25OCT27PHXUTA-PHX,binary,,,Phoenix vs Utah Winner?,,Phoenix,Phoenix,finalized
2025-26,Regular Season,0022500121,2025-10-27,GSW,MEM,KXNBAGAME-25OCT27MEMGSW,KXNBAGAME-25OCT27MEMGSW-MEM,binary,,,Memphis vs Golden State Winner?,,Memphis,Memphis,finalized
2025-26,Regular Season,0022500121,2025-10-27,GSW,MEM,KXNBAGAME-25OCT27MEMGSW,KXNBAGAME-25OCT27MEMGSW-GSW,binary,,,Memphis vs Golden State Winner?,,Golden State,Golden State,finalized
2025-26,Regular Season,0022500122,2025-10-27,LAL,POR,KXNBAGAME-25OCT27PORLAL,KXNBAGAME-25OCT27PORLAL-POR,binary,,,Portland vs Los Angeles L Winner?,,Portland,Portland,finalized
2025-26,Regular Season,0022500122,2025-10-27,LAL,POR,KXNBAGAME-25OCT27PORLAL,KXNBAGAME-25OCT27PORLAL-LAL,binary,,,Portland vs Los Angeles L Winner?,,Los Angeles L,Los Angeles L,finalized
2025-26,Regular Season,0022500123,2025-10-28,WAS,PHI,KXNBAGAME-25OCT28PHIWAS,KXNBAGAME-25OCT28PHIWAS-WAS,binary,,,Philadelphia vs Washington Winner?,,Washington,Washington,finalized
2025-26,Regular Season,0022500123,2025-10-28,WAS,PHI,KXNBAGAME-25OCT28PHIWAS,KXNBAGAME-25OCT28PHIWAS-PHI,binary,,,Philadelphia vs Washington Winner?,,Philadelphia,Philadelphia,finalized
2025-26,Regular Season,0022500124,2025-10-28,MIA,CHA,KXNBAGAME-25OCT28CHAMIA,KXNBAGAME-25OCT28CHAMIA-MIA,binary,,,Charlotte vs Miami Winner?,,Miami,Miami,finalized
2025-26,Regular Season,0022500124,2025-10-28,MIA,CHA,KXNBAGAME-25OCT28CHAMIA,KXNBAGAME-25OCT28CHAMIA-CHA,binary,,,Charlotte vs Miami Winner?,,Charlotte,Charlotte,finalized
2025-26,Regular Season,0022500125,2025-10-28,MIL,NYK,KXNBAGAME-25OCT28NYKMIL,KXNBAGAME-25OCT28NYKMIL-NYK,binary,,,New York vs Milwaukee Winner?,,New York,New York,finalized
2025-26,Regular Season,0022500125,2025-10-28,MIL,NYK,KXNBAGAME-25OCT28NYKMIL,KXNBAGAME-25OCT28NYKMIL-MIL,binary,,,New York vs Milwaukee Winner?,,Milwaukee,Milwaukee,finalized
2025-26,Regular Season,0022500126,2025-10-28,OKC,SAC,KXNBAGAME-25OCT28SACOKC,KXNBAGAME-25OCT28SACOKC-SAC,binary,,,Sacramento vs Oklahoma City Winner?,,Sacramento,Sacramento,finalized
2025-26,Regular Season,0022500126,2025-10-28,OKC,SAC,KXNBAGAME-25OCT28SACOKC,KXNBAGAME-25OCT28SACOKC-OKC,binary,,,Sacramento vs Oklahoma City Winner?,,Oklahoma City,Oklahoma City,finalized
2025-26,Regular Season,0022500127,2025-10-28,GSW,LAC,KXNBAGAME-25OCT28LACGSW,KXNBAGAME-25OCT28LACGSW-LAC,binary,,,Los Angeles C vs Golden State Winner?,,Los Angeles C,Los Angeles C,finalized
2025-26,Regular Season,0022500127,2025-10-28,GSW,LAC,KXNBAGAME-25OCT28LACGSW,KXNBAGAME-25OCT28LACGSW-GSW,binary,,,Los Angeles C vs Golden State Winner?,,Golden State,Golden State,finalized
2025-26,Regular Season,0022500128,2025-10-29,BOS,CLE,KXNBAGAME-25OCT29CLEBOS,KXNBAGAME-25OCT29CLEBOS-CLE,binary,,,Cleveland vs Boston Winner?,,Cleveland,Cleveland,finalized
2025-26,Regular Season,0022500128,2025-10-29,BOS,CLE,KXNBAGAME-25OCT29CLEBOS,KXNBAGAME-25OCT29CLEBOS-BOS,binary,,,Cleveland vs Boston Winner?,,Boston,Boston,finalized
2025-26,Regular Season,0022500129,2025-10-29,DET,ORL,KXNBAGAME-25OCT29ORLDET,KXNBAGAME-25OCT29ORLDET-ORL,binary,,,Orlando vs Detroit Winner?,,Orlando,Orlando,finalized
2025-26,Regular Season,0022500129,2025-10-29,DET,ORL,KXNBAGAME-25OCT29ORLDET,KXNBAGAME-25OCT29ORLDET-DET,binary,,,Orlando vs Detroit Winner?,,Detroit,Detroit,finalized
2025-26,Regular Season,0022500130,2025-10-29,BKN,ATL,KXNBAGAME-25OCT29ATLBKN,KXNBAGAME-25OCT29ATLBKN-BKN,binary,,,Atlanta vs Brooklyn Winner?,,Brooklyn,Brooklyn,finalized
2025-26,Regular Season,0022500130,2025-10-29,BKN,ATL,KXNBAGAME-25OCT29ATLBKN,KXNBAGAME-25OCT29ATLBKN-ATL,binary,,,Atlanta vs Brooklyn Winner?,,Atlanta,Atlanta,finalized
2025-26,Regular Season,0022500131,2025-10-29,TOR,HOU,KXNBAGAME-25OCT29HOUTOR,KXNBAGAME-25OCT29HOUTOR-TOR,binary,,,Houston vs Toronto Winner?,,Toronto,Toronto,finalized
2025-26,Regular Season,0022500131,2025-10-29,TOR,HOU,KXNBAGAME-25OCT29HOUTOR,KXNBAGAME-25OCT29HOUTOR-HOU,binary,,,Houston vs Toronto Winner?,,Houston,Houston,finalized
2025-26,Regular Season,0022500132,2025-10-29,CHI,SAC,KXNBAGAME-25OCT29SACCHI,KXNBAGAME-25OCT29SACCHI-SAC,binary,,,Sacramento vs Chicago Winner?,,Sacramento,Sacramento,finalized
2025-26,Regular Season,0022500132,2025-10-29,CHI,SAC,KXNBAGAME-25OCT29SACCHI,KXNBAGAME-25OCT29SACCHI-CHI,binary,,,Sacramento vs Chicago Winner?,,Chicago,Chicago,finalized
2025-26,Regular Season,0022500133,2025-10-29,DAL,IND,KXNBAGAME-25OCT29INDDAL,KXNBAGAME-25OCT29INDDAL-IND,binary,,,Indiana vs Dallas Winner?,,Indiana,Indiana,finalized
2025-26,Regular Season,0022500133,2025-10-29,DAL,IND,KXNBAGAME-25OCT29INDDAL,KXNBAGAME-25OCT29INDDAL-DAL,binary,,,Indiana vs Dallas Winner?,,Dallas,Dallas,finalized
2025-26,Regular Season,0022500134,2025-10-29,DEN,NOP,KXNBAGAME-25OCT29NOPDEN,KXNBAGAME-25OCT29NOPDEN-NOP,binary,,,New Orleans vs Denver Winner?,,New Orleans,New Orleans,finalized
2025-26,Regular Season,0022500134,2025-10-29,DEN,NOP,KXNBAGAME-25OCT29NOPDEN,KXNBAGAME-25OCT29NOPDEN-DEN,binary,,,New Orleans vs Denver Winner?,,Denver,Denver,finalized
2025-26,Regular Season,0022500135,2025-10-29,UTA,POR,KXNBAGAME-25OCT29PORUTA,KXNBAGAME-25OCT29PORUTA-UTA,binary,,,Portland vs Utah Winner?,,Utah,Utah,finalized
2025-26,Regular Season,0022500135,2025-10-29,UTA,POR,KXNBAGAME-25OCT29PORUTA,KXNBAGAME-25OCT29PORUTA-POR,binary,,,Portland vs Utah Winner?,,Portland,Portland,finalized
2025-26,Regular Season,0022500136,2025-10-29,MIN,LAL,KXNBAGAME-25OCT29LALMIN,KXNBAGAME-25OCT29LALMIN-MIN,binary,,,Los Angeles L vs Minnesota Winner?,,Minnesota,Minnesota,finalized
2025-26,Regular Season,0022500136,2025-10-29,MIN,LAL,KXNBAGAME-25OCT29LALMIN,KXNBAGAME-25OCT29LALMIN-LAL,binary,,,Los Angeles L vs Minnesota Winner?,,Los Angeles L,Los Angeles L,finalized
2025-26,Regular Season,0022500137,2025-10-29,PHX,MEM,KXNBAGAME-25OCT29MEMPHX,KXNBAGAME-25OCT29MEMPHX-PHX,binary,,,Memphis vs Phoenix Winner?,,Phoenix,Phoenix,finalized
2025-26,Regular Season,0022500137,2025-10-29,PHX,MEM,KXNBAGAME-25OCT29MEMPHX,KXNBAGAME-25OCT29MEMPHX-MEM,binary,,,Memphis vs Phoenix Winner?,,Memphis,Memphis,finalized
2025-26,Regular Season,0022500138,2025-10-30,CHA,ORL,KXNBAGAME-25OCT30ORLCHA,KXNBAGAME-25OCT30ORLCHA-ORL,binary,,,Orlando vs Charlotte Winner?,,Orlando,Orlando,finalized
2025-26,Regular Season,0022500138,2025-10-30,CHA,ORL,KXNBAGAME-25OCT30ORLCHA,KXNBAGAME-25OCT30ORLCHA-CHA,binary,,,Orlando vs Charlotte Winner?,,Charlotte,Charlotte,finalized
2025-26,Regular Season,0022500139,2025-10-30,MIL,GSW,KXNBAGAME-25OCT30GSWMIL,KXNBAGAME-25OCT30GSWMIL-MIL,binary,,,Golden State vs Milwaukee Winner?,,Milwaukee,Milwaukee,finalized
2025-26,Regular Season,0022500139,2025-10-30,MIL,GSW,KXNBAGAME-25OCT30GSWMIL,KXNBAGAME-25OCT30GSWMIL-GSW,binary,,,Golden State vs Milwaukee Winner?,,Golden State,Golden State,finalized
2025-26,Regular Season,0022500140,2025-10-30,OKC,WAS,KXNBAGAME-25OCT30WASOKC,KXNBAGAME-25OCT30WASOKC-WAS,binary,,,Washington vs Oklahoma City Winner?,,Washington,Washington,finalized
2025-26,Regular Season,0022500140,2025-10-30,OKC,WAS,KXNBAGAME-25OCT30WASOKC,KXNBAGAME-25OCT30WASOKC-OKC,binary,,,Washington vs Oklahoma City Winner?,,Oklahoma City,Oklahoma City,finalized
2025-26,Regular Season,0022500141,2025-10-30,SAS,MIA,KXNBAGAME-25OCT30MIASAS,KXNBAGAME-25OCT30MIASAS-SAS,binary,,,Miami vs San Antonio Winner?,,San Antonio,San Antonio,finalized
2025-26,Regular Season,0022500141,2025-10-30,SAS,MIA,KXNBAGAME-25OCT30MIASAS,KXNBAGAME-25OCT30MIASAS-MIA,binary,,,Miami vs San Antonio Winner?,,Miami,Miami,finalized
2025-26,Regular Season,0022500020,2025-10-31,IND,ATL,KXNBAGAME-25OCT31ATLIND,KXNBAGAME-25OCT31ATLIND-IND,binary,,,Atlanta vs Indiana Winner?,,Indiana,Indiana,finalized
2025-26,Regular Season,0022500020,2025-10-31,IND,ATL,KXNBAGAME-25OCT31ATLIND,KXNBAGAME-25OCT31ATLIND-ATL,binary,,,Atlanta vs Indiana Winner?,,Atlanta,Atlanta,finalized
2025-26,Regular Season,0022500021,2025-10-31,PHI,BOS,KXNBAGAME-25OCT31BOSPHI,KXNBAGAME-25OCT31BOSPHI-PHI,binary,,,Boston vs Philadelphia Winner?,,Philadelphia,Philadelphia,finalized
2025-26,Regular Season,0022500021,2025-10-31,PHI,BOS,KXNBAGAME-25OCT31BOSPHI,KXNBAGAME-25OCT31BOSPHI-BOS,binary,,,Boston vs Philadelphia Winner?,,Boston,Boston,finalized
2025-26,Regular Season,0022500022,2025-10-31,CLE,TOR,KXNBAGAME-25OCT31TORCLE,KXNBAGAME-25OCT31TORCLE-TOR,binary,,,Toronto vs Cleveland Winner?,,Toronto,Toronto,finalized
2025-26,Regular Season,0022500022,2025-10-31,CLE,TOR,KXNBAGAME-25OCT31TORCLE,KXNBAGAME-25OCT31TORCLE-CLE,binary,,,Toronto vs Cleveland Winner?,,Cleveland,Cleveland,finalized
2025-26,Regular Season,0022500023,2025-10-31,CHI,NYK,KXNBAGAME-25OCT31NYKCHI,KXNBAGAME-25OCT31NYKCHI-NYK,binary,,,New York vs Chicago Winner?,,New York,New York,finalized
2025-26,Regular Season,0022500023,2025-10-31,CHI,NYK,KXNBAGAME-25OCT31NYKCHI,KXNBAGAME-25OCT31NYKCHI-CHI,binary,,,New York vs Chicago Winner?,,Chicago,Chicago,finalized
2025-26,Regular Season,0022500024,2025-10-31,MEM,LAL,KXNBAGAME-25OCT31LALMEM,KXNBAGAME-25OCT31LALMEM-MEM,binary,,,Los Angeles L vs Memphis Winner?,,Memphis,Memphis,finalized
2025-26,Regular Season,0022500024,2025-10-31,MEM,LAL,KXNBAGAME-25OCT31LALMEM,KXNBAGAME-25OCT31LALMEM-LAL,binary,,,Los Angeles L vs Memphis Winner?,,Los Angeles L,Los Angeles L,finalized
2025-26,Regular Season,0022500025,2025-10-31,PHX,UTA,KXNBAGAME-25OCT31UTAPHX,KXNBAGAME-25OCT31UTAPHX-UTA,binary,,,Utah vs Phoenix Winner?,,Utah,Utah,finalized
2025-26,Regular Season,0022500025,2025-10-31,PHX,UTA,KXNBAGAME-25OCT31UTAPHX,KXNBAGAME-25OCT31UTAPHX-PHX,binary,,,Utah vs Phoenix Winner?,,Phoenix,Phoenix,finalized
2025-26,Regular Season,0022500026,2025-10-31,POR,DEN,KXNBAGAME-25OCT31DENPOR,KXNBAGAME-25OCT31DENPOR-POR,binary,,,Denver vs Portland Winner?,,Portland,Portland,finalized
2025-26,Regular Season,0022500026,2025-10-31,POR,DEN,KXNBAGAME-25OCT31DENPOR,KXNBAGAME-25OCT31DENPOR-DEN,binary,,,Denver vs Portland Winner?,,Denver,Denver,finalized
2025-26,Regular Season,0022500027,2025-10-31,LAC,NOP,KXNBAGAME-25OCT31NOPLAC,KXNBAGAME-25OCT31NOPLAC-NOP,binary,,,New Orleans vs Los Angeles C Winner?,,New Orleans,New Orleans,finalized
2025-26,Regular Season,0022500027,2025-10-31,LAC,NOP,KXNBAGAME-25OCT31NOPLAC,KXNBAGAME-25OCT31NOPLAC-LAC,binary,,,New Orleans vs Los Angeles C Winner?,,Los Angeles C,Los Angeles C,finalized
2025-26,Regular Season,0022500142,2025-11-01,MIL,SAC,KXNBAGAME-25NOV01SACMIL,KXNBAGAME-25NOV01SACMIL-SAC,binary,,,Sacramento vs Milwaukee Winner?,,Sacramento,Sacramento,finalized
2025-26,Regular Season,0022500142,2025-11-01,MIL,SAC,KXNBAGAME-25NOV01SACMIL,KXNBAGAME-25NOV01SACMIL-MIL,binary,,,Sacramento vs Milwaukee Winner?,,Milwaukee,Milwaukee,finalized
2025-26,Regular Season,0022500143,2025-11-01,CHA,MIN,KXNBAGAME-25NOV01MINCHA,KXNBAGAME-25NOV01MINCHA-MIN,binary,,,Minnesota vs Charlotte Winner?,,Minnesota,Minnesota,finalized
2025-26,Regular Season,0022500143,2025-11-01,CHA,MIN,KXNBAGAME-25NOV01MINCHA,KXNBAGAME-25NOV01MINCHA-CHA,binary,,,Minnesota vs Charlotte Winner?,,Charlotte,Charlotte,finalized
2025-26,Regular Season,0022500144,2025-11-01,IND,GSW,KXNBAGAME-25NOV01GSWIND,KXNBAGAME-25NOV01GSWIND-IND,binary,,,Golden State vs Indiana Winner?,,Indiana,Indiana,finalized
2025-26,Regular Season,0022500144,2025-11-01,IND,GSW,KXNBAGAME-25NOV01GSWIND,KXNBAGAME-25NOV01GSWIND-GSW,binary,,,Golden State vs Indiana Winner?,,Golden State,Golden State,finalized
2025-26,Regular Season,0022500145,2025-11-01,WAS,ORL,KXNBAGAME-25NOV01ORLWAS,KXNBAGAME-25NOV01ORLWAS-WAS,binary,,,Orlando vs Washington Winner?,,Washington,Washington,finalized
2025-26,Regular Season,0022500145,2025-11-01,WAS,ORL,KXNBAGAME-25NOV01ORLWAS,KXNBAGAME-25NOV01ORLWAS-ORL,binary,,,Orlando vs Washington Winner?,,Orlando,Orlando,finalized
2025-26,Regular Season,0022500146,2025-11-01,BOS,HOU,KXNBAGAME-25NOV01HOUBOS,KXNBAGAME-25NOV01HOUBOS-HOU,binary,,,Houston vs Boston Winner?,,Houston,Houston,finalized
2025-26,Regular Season,0022500146,2025-11-01,BOS,HOU,KXNBAGAME-25NOV01HOUBOS,KXNBAGAME-25NOV01HOUBOS-BOS,binary,,,Houston vs Boston Winner?,,Boston,Boston,finalized
2025-26,Regular Season,0022500148,2025-11-02,OKC,NOP,KXNBAGAME-25NOV02NOPOKC,KXNBAGAME-25NOV02NOPOKC-OKC,binary,,,New Orleans vs Oklahoma City Winner?,,Oklahoma City,Oklahoma City,finalized
2025-26,Regular Season,0022500148,2025-11-02,OKC,NOP,KXNBAGAME-25NOV02NOPOKC,KXNBAGAME-25NOV02NOPOKC-NOP,binary,,,New Orleans vs Oklahoma City Winner?,,New Orleans,New Orleans,finalized
2025-26,Regular Season,0022500149,2025-11-02,BKN,PHI,KXNBAGAME-25NOV02PHIBKN,KXNBAGAME-25NOV02PHIBKN-PHI,binary,,,Philadelphia vs Brooklyn Winner?,,Philadelphia,Philadelphia,finalized
2025-26,Regular Season,0022500149,2025-11-02,BKN,PHI,KXNBAGAME-25NOV02PHIBKN,KXNBAGAME-25NOV02PHIBKN-BKN,binary,,,Philadelphia vs Brooklyn Winner?,,Brooklyn,Brooklyn,finalized
2025-26,Regular Season,0022500150,2025-11-02,CHA,UTA,KXNBAGAME-25NOV02UTACHA,KXNBAGAME-25NOV02UTACHA-UTA,binary,,,Utah vs Charlotte Winner?,,Utah,Utah,finalized
2025-26,Regular Season,0022500150,2025-11-02,CHA,UTA,KXNBAGAME-25NOV02UTACHA,KXNBAGAME-25NOV02UTACHA-CHA,binary,,,Utah vs Charlotte Winner?,,Charlotte,Charlotte,finalized
2025-26,Regular Season,0022500151,2025-11-02,CLE,ATL,KXNBAGAME-25NOV02ATLCLE,KXNBAGAME-25NOV02ATLCLE-CLE,binary,,,Atlanta vs Cleveland Winner?,,Cleveland,Cleveland,finalized
2025-26,Regular Season,0022500151,2025-11-02,CLE,ATL,KXNBAGAME-25NOV02ATLCLE,KXNBAGAME-25NOV02ATLCLE-ATL,binary,,,Atlanta vs Cleveland Winner?,,Atlanta,Atlanta,finalized
2025-26,Regular Season,0022500152,2025-11-02,TOR,MEM,KXNBAGAME-25NOV02MEMTOR,KXNBAGAME-25NOV02MEMTOR-TOR,binary,,,Memphis vs Toronto Winner?,,Toronto,Toronto,finalized
2025-26,Regular Season,0022500152,2025-11-02,TOR,MEM,KXNBAGAME-25NOV02MEMTOR,KXNBAGAME-25NOV02MEMTOR-MEM,binary,,,Memphis vs Toronto Winner?,,Memphis,Memphis,finalized
2025-26,Regular Season,0022500153,2025-11-02,NYK,CHI,KXNBAGAME-25NOV02CHINYK,KXNBAGAME-25NOV02CHINYK-NYK,binary,,,Chicago vs New York K Winner?,,New York K,New York K,finalized
2025-26,Regular Season,0022500153,2025-11-02,NYK,CHI,KXNBAGAME-25NOV02CHINYK,KXNBAGAME-25NOV02CHINYK-CHI,binary,,,Chicago vs New York K Winner?,,Chicago,Chicago,finalized
2025-26,Regular Season,0022500154,2025-11-02,PHX,SAS,KXNBAGAME-25NOV02SASPHX,KXNBAGAME-25NOV02SASPHX-SAS,binary,,,San Antonio vs Phoenix Winner?,,San Antonio,San Antonio,finalized
2025-26,Regular Season,0022500154,2025-11-02,PHX,SAS,KXNBAGAME-25NOV02SASPHX,KXNBAGAME-25NOV02SASPHX-PHX,binary,,,San Antonio vs Phoenix Winner?,,Phoenix,Phoenix,finalized
2025-26,Regular Season,0022500155,2025-11-02,LAL,MIA,KXNBAGAME-25NOV02MIALAL,KXNBAGAME-25NOV02MIALAL-MIA,binary,,,Miami vs Los Angeles Winner?,,Miami,Miami,finalized
2025-26,Regular Season,0022500155,2025-11-02,LAL,MIA,KXNBAGAME-25NOV02MIALAL,KXNBAGAME-25NOV02MIALAL-LAL,binary,,,Miami vs Los Angeles Winner?,,Los Angeles,Los Angeles,finalized
2025-26,Regular Season,0022500156,2025-11-03,BKN,MIN,KXNBAGAME-25NOV03MINBKN,KXNBAGAME-25NOV03MINBKN-MIN,binary,,,Minnesota vs Brooklyn Winner?,,Minnesota,Minnesota,finalized
2025-26,Regular Season,0022500156,2025-11-03,BKN,MIN,KXNBAGAME-25NOV03MINBKN,KXNBAGAME-25NOV03MINBKN-BKN,binary,,,Minnesota vs Brooklyn Winner?,,Brooklyn,Brooklyn,finalized
2025-26,Regular Season,0022500157,2025-11-03,IND,MIL,KXNBAGAME-25NOV03MILIND,KXNBAGAME-25NOV03MILIND-MIL,binary,,,Milwaukee vs Indiana Winner?,,Milwaukee,Milwaukee,finalized
2025-26,Regular Season,0022500157,2025-11-03,IND,MIL,KXNBAGAME-25NOV03MILIND,KXNBAGAME-25NOV03MILIND-IND,binary,,,Milwaukee vs Indiana Winner?,,Indiana,Indiana,finalized
2025-26,Regular Season,0022500158,2025-11-03,BOS,UTA,KXNBAGAME-25NOV03UTABOS,KXNBAGAME-25NOV03UTABOS-UTA,binary,,,Utah vs Boston Winner?,,Utah,Utah,finalized
2025-26,Regular Season,0022500158,2025-11-03,BOS,UTA,KXNBAGAME-25NOV03UTABOS,KXNBAGAME-25NOV03UTABOS-BOS,binary,,,Utah vs Boston Winner?,,Boston,Boston,finalized
2025-26,Regular Season,0022500159,2025-11-03,NYK,WAS,KXNBAGAME-25NOV03WASNYK,KXNBAGAME-25NOV03WASNYK-WAS,binary,,,Washington vs New York K Winner?,,Washington,Washington,finalized
2025-26,Regular Season,0022500159,2025-11-03,NYK,WAS,KXNBAGAME-25NOV03WASNYK,KXNBAGAME-25NOV03WASNYK-NYK,binary,,,Washington vs New York K Winner?,,New York K,New York K,finalized
2025-26,Regular Season,0022500160,2025-11-03,HOU,DAL,KXNBAGAME-25NOV03DALHOU,KXNBAGAME-25NOV03DALHOU-HOU,binary,,,Dallas vs Houston Winner?,,Houston,Houston,finalized
2025-26,Regular Season,0022500160,2025-11-03,HOU,DAL,KXNBAGAME-25NOV03DALHOU,KXNBAGAME-25NOV03DALHOU-DAL,binary,,,Dallas vs Houston Winner?,,Dallas,Dallas,finalized
2025-26,Regular Season,0022500161,2025-11-03,MEM,DET,KXNBAGAME-25NOV03DETMEM,KXNBAGAME-25NOV03DETMEM-MEM,binary,,,Detroit vs Memphis Winner?,,Memphis,Memphis,finalized
2025-26,Regular Season,0022500161,2025-11-03,MEM,DET,KXNBAGAME-25NOV03DETMEM,KXNBAGAME-25NOV03DETMEM-DET,binary,,,Detroit vs Memphis Winner?,,Detroit,Detroit,finalized
2025-26,Regular Season,0022500162,2025-11-03,DEN,SAC,KXNBAGAME-25NOV03SACDEN,KXNBAGAME-25NOV03SACDEN-SAC,binary,,,Sacramento vs Denver Winner?,,Sacramento,Sacramento,finalized
2025-26,Regular Season,0022500162,2025-11-03,DEN,SAC,KXNBAGAME-25NOV03SACDEN,KXNBAGAME-25NOV03SACDEN-DEN,binary,,,Sacramento vs Denver Winner?,,Denver,Denver,finalized
2025-26,Regular Season,0022500163,2025-11-03,POR,LAL,KXNBAGAME-25NOV03LALPOR,KXNBAGAME-25NOV03LALPOR-POR,binary,,,Los Angeles vs Portland Winner?,,Portland,Portland,finalized
2025-26,Regular Season,0022500163,2025-11-03,POR,LAL,KXNBAGAME-25NOV03LALPOR,KXNBAGAME-25NOV03LALPOR-LAL,binary,,,Los Angeles vs Portland Winner?,,Los Angeles,Los Angeles,finalized
2025-26,Regular Season,0022500164,2025-11-03,LAC,MIA,KXNBAGAME-25NOV03MIALAC,KXNBAGAME-25NOV03MIALAC-MIA,binary,,,Miami vs LA Winner?,,Miami,Miami,finalized
2025-26,Regular Season,0022500164,2025-11-03,LAC,MIA,KXNBAGAME-25NOV03MIALAC,KXNBAGAME-25NOV03MIALAC-LAC,binary,,,Miami vs LA Winner?,,LA,LA,finalized
2025-26,Regular Season,0022500165,2025-11-04,TOR,MIL,KXNBAGAME-25NOV04MILTOR,KXNBAGAME-25NOV04MILTOR-TOR,binary,,,Milwaukee vs Toronto Winner?,,Toronto,Toronto,finalized
2025-26,Regular Season,0022500165,2025-11-04,TOR,MIL,KXNBAGAME-25NOV04MILTOR,KXNBAGAME-25NOV04MILTOR-MIL,binary,,,Milwaukee vs Toronto Winner?,,Milwaukee,Milwaukee,finalized
2025-26,Regular Season,0022500166,2025-11-04,ATL,ORL,KXNBAGAME-25NOV04ORLATL,KXNBAGAME-25NOV04ORLATL-ORL,binary,,,Orlando vs Atlanta Winner?,,Orlando,Orlando,finalized
2025-26,Regular Season,0022500166,2025-11-04,ATL,ORL,KXNBAGAME-25NOV04ORLATL,KXNBAGAME-25NOV04ORLATL-ATL,binary,,,Orlando vs Atlanta Winner?,,Atlanta,Atlanta,finalized
2025-26,Regular Season,0022500167,2025-11-04,CHI,PHI,KXNBAGAME-25NOV04PHICHI,KXNBAGAME-25NOV04PHICHI-PHI,binary,,,Philadelphia vs Chicago Winner?,,Philadelphia,Philadelphia,finalized
2025-26,Regular Season,0022500167,2025-11-04,CHI,PHI,KXNBAGAME-25NOV04PHICHI,KXNBAGAME-25NOV04PHICHI-CHI,binary,,,Philadelphia vs Chicago Winner?,,Chicago,Chicago,finalized
2025-26,Regular Season,0022500168,2025-11-04,NOP,CHA,KXNBAGAME-25NOV04CHANOP,KXNBAGAME-25NOV04CHANOP-NOP,binary,,,Charlotte vs New Orleans Winner?,,New Orleans,New Orleans,finalized
2025-26,Regular Season,0022500168,2025-11-04,NOP,CHA,KXNBAGAME-25NOV04CHANOP,KXNBAGAME-25NOV04CHANOP-CHA,binary,,,Charlotte vs New Orleans Winner?,,Charlotte,Charlotte,finalized
2025-26,Regular Season,0022500169,2025-11-04,GSW,PHX,KXNBAGAME-25NOV04PHXGSW,KXNBAGAME-25NOV04PHXGSW-PHX,binary,,,Phoenix vs Golden State Winner?,,Phoenix,Phoenix,finalized
2025-26,Regular Season,0022500169,2025-11-04,GSW,PHX,KXNBAGAME-25NOV04PHXGSW,KXNBAGAME-25NOV04PHXGSW-GSW,binary,,,Phoenix vs Golden State Winner?,,Golden State,Golden State,finalized
2025-26,Regular Season,0022500170,2025-11-04,LAC,OKC,KXNBAGAME-25NOV04OKCLAC,KXNBAGAME-25NOV04OKCLAC-OKC,binary,,,Oklahoma City vs LA Winner?,,Oklahoma City,Oklahoma City,finalized
2025-26,Regular Season,0022500170,2025-11-04,LAC,OKC,KXNBAGAME-25NOV04OKCLAC,KXNBAGAME-25NOV04OKCLAC-LAC,binary,,,Oklahoma City vs Los Angeles C Winner?,,Los Angeles C,Los Angeles C,finalized
2025-26,Regular Season,0022500171,2025-11-05,CLE,PHI,KXNBAGAME-25NOV05PHICLE,KXNBAGAME-25NOV05PHICLE-PHI,binary,,,Philadelphia vs Cleveland Winner?,,Philadelphia,Philadelphia,finalized
2025-26,Regular Season,0022500171,2025-11-05,CLE,PHI,KXNBAGAME-25NOV05PHICLE,KXNBAGAME-25NOV05PHICLE-CLE,binary,,,Philadelphia vs Cleveland Winner?,,Cleveland,Cleveland,finalized
2025-26,Regular Season,0022500172,2025-11-05,DET,UTA,KXNBAGAME-25NOV05UTADET,KXNBAGAME-25NOV05UTADET-UTA,binary,,,Utah vs Detroit Winner?,,Utah,Utah,finalized
2025-26,Regular Season,0022500172,2025-11-05,DET,UTA,KXNBAGAME-25NOV05UTADET,KXNBAGAME-25NOV05UTADET-DET,binary,,,Utah vs Detroit Winner?,,Detroit,Detroit,finalized
2025-26,Regular Season,0022500173,2025-11-05,IND,BKN,KXNBAGAME-25NOV05BKNIND,KXNBAGAME-25NOV05BKNIND-IND,binary,,,Brooklyn vs Indiana Winner?,,Indiana,Indiana,finalized
2025-26,Regular Season,0022500173,2025-11-05,IND,BKN,KXNBAGAME-25NOV05BKNIND,KXNBAGAME-25NOV05BKNIND-BKN,binary,,,Brooklyn vs Indiana Winner?,,Brooklyn,Brooklyn,finalized
2025-26,Regular Season,0022500174,2025-11-05,BOS,WAS,KXNBAGAME-25NOV05WASBOS,KXNBAGAME-25NOV05WASBOS-WAS,binary,,,Washington vs Boston Winner?,,Washington,Washington,finalized
2025-26,Regular Season,0022500174,2025-11-05,BOS,WAS,KXNBAGAME-25NOV05WASBOS,KXNBAGAME-25NOV05WASBOS-BOS,binary,,,Washington vs Boston Winner?,,Boston,Boston,finalized
2025-26,Regular Season,0022500175,2025-11-05,NYK,MIN,KXNBAGAME-25NOV05MINNYK,KXNBAGAME-25NOV05MINNYK-NYK,binary,,,Minnesota vs New York K Winner?,,New York K,New York K,finalized
2025-26,Regular Season,0022500175,2025-11-05,NYK,MIN,KXNBAGAME-25NOV05MINNYK,KXNBAGAME-25NOV05MINNYK-MIN,binary,,,Minnesota vs New York K Winner?,,Minnesota,Minnesota,finalized
2025-26,Regular Season,0022500176,2025-11-05,MEM,HOU,KXNBAGAME-25NOV05HOUMEM,KXNBAGAME-25NOV05HOUMEM-MEM,binary,,,Houston vs Memphis Winner?,,Memphis,Memphis,finalized
2025-26,Regular Season,0022500176,2025-11-05,MEM,HOU,KXNBAGAME-25NOV05HOUMEM,KXNBAGAME-25NOV05HOUMEM-HOU,binary,,,Houston vs Memphis Winner?,,Houston,Houston,finalized
2025-26,Regular Season,0022500177,2025-11-05,DAL,NOP,KXNBAGAME-25NOV05NOPDAL,KXNBAGAME-25NOV05NOPDAL-NOP,binary,,,New Orleans vs Dallas Winner?,,New Orleans,New Orleans,finalized
2025-26,Regular Season,0022500177,2025-11-05,DAL,NOP,KXNBAGAME-25NOV05NOPDAL,KXNBAGAME-25NOV05NOPDAL-DAL,binary,,,New Orleans vs Dallas Winner?,,Dallas,Dallas,finalized
2025-26,Regular Season,0022500178,2025-11-05,DEN,MIA,KXNBAGAME-25NOV05MIADEN,KXNBAGAME-25NOV05MIADEN-MIA,binary,,,Miami vs Denver Winner?,,Miami,Miami,finalized
2025-26,Regular Season,0022500178,2025-11-05,DEN,MIA,KXNBAGAME-25NOV05MIADEN,KXNBAGAME-25NOV05MIADEN-DEN,binary,,,Miami vs Denver Winner?,,Denver,Denver,finalized
2025-26,Regular Season,0022500179,2025-11-05,LAL,SAS,KXNBAGAME-25NOV05SASLAL,KXNBAGAME-25NOV05SASLAL-SAS,binary,,,San Antonio vs Los Angeles Winner?,,San Antonio,San Antonio,finalized
2025-26,Regular Season,0022500179,2025-11-05,LAL,SAS,KXNBAGAME-25NOV05SASLAL,KXNBAGAME-25NOV05SASLAL-LAL,binary,,,San Antonio vs Los Angeles L Winner?,,Los Angeles L,Los Angeles L,finalized
2025-26,Regular Season,0022500180,2025-11-05,POR,OKC,KXNBAGAME-25NOV05OKCPOR,KXNBAGAME-25NOV05OKCPOR-POR,binary,,,Oklahoma City vs Portland Winner?,,Portland,Portland,finalized
2025-26,Regular Season,0022500180,2025-11-05,POR,OKC,KXNBAGAME-25NOV05OKCPOR,KXNBAGAME-25NOV05OKCPOR-OKC,binary,,,Oklahoma City vs Portland Winner?,,Oklahoma City,Oklahoma City,finalized
2025-26,Regular Season,0022500181,2025-11-05,SAC,GSW,KXNBAGAME-25NOV05GSWSAC,KXNBAGAME-25NOV05GSWSAC-SAC,binary,,,Golden State vs Sacramento Winner?,,Sacramento,Sacramento,finalized
2025-26,Regular Season,0022500181,2025-11-05,SAC,GSW,KXNBAGAME-25NOV05GSWSAC,KXNBAGAME-25NOV05GSWSAC-GSW,binary,,,Golden State vs Sacramento Winner?,,Golden State,Golden State,finalized
2025-26,Regular Season,0022500182,2025-11-06,PHX,LAC,KXNBAGAME-25NOV06LACPHX,KXNBAGAME-25NOV06LACPHX-PHX,binary,,,LA vs Phoenix Winner?,,Phoenix,Phoenix,finalized
2025-26,Regular Season,0022500182,2025-11-06,PHX,LAC,KXNBAGAME-25NOV06LACPHX,KXNBAGAME-25NOV06LACPHX-LAC,binary,,,LA vs Phoenix Winner?,,LA,LA,finalized
2025-26,Regular Season,0022500028,2025-11-07,ORL,BOS,KXNBAGAME-25NOV07BOSORL,KXNBAGAME-25NOV07BOSORL-ORL,binary,,,Boston vs Orlando Winner?,,Orlando,Orlando,finalized
2025-26,Regular Season,0022500028,2025-11-07,ORL,BOS,KXNBAGAME-25NOV07BOSORL,KXNBAGAME-25NOV07BOSORL-BOS,binary,,,Boston vs Orlando Winner?,,Boston,Boston,finalized
2025-26,Regular Season,0022500029,2025-11-07,WAS,CLE,KXNBAGAME-25NOV07CLEWAS,KXNBAGAME-25NOV07CLEWAS-WAS,binary,,,Cleveland vs Washington Winner?,,Washington,Washington,finalized
2025-26,Regular Season,0022500029,2025-11-07,WAS,CLE,KXNBAGAME-25NOV07CLEWAS,KXNBAGAME-25NOV07CLEWAS-CLE,binary,,,Cleveland vs Washington Winner?,,Cleveland,Cleveland,finalized
2025-26,Regular Season,0022500030,2025-11-07,ATL,TOR,KXNBAGAME-25NOV07TORATL,KXNBAGAME-25NOV07TORATL-TOR,binary,,,Toronto vs Atlanta Winner?,,Toronto,Toronto,finalized
2025-26,Regular Season,0022500030,2025-11-07,ATL,TOR,KXNBAGAME-25NOV07TORATL,KXNBAGAME-25NOV07TORATL-ATL,binary,,,Toronto vs Atlanta Winner?,,Atlanta,Atlanta,finalized
2025-26,Regular Season,0022500031,2025-11-07,BKN,DET,KXNBAGAME-25NOV07DETBKN,KXNBAGAME-25NOV07DETBKN-DET,binary,,,Detroit vs Brooklyn Winner?,,Detroit,Detroit,finalized
2025-26,Regular Season,0022500031,2025-11-07,BKN,DET,KXNBAGAME-25NOV07DETBKN,KXNBAGAME-25NOV07DETBKN-BKN,binary,,,Detroit vs Brooklyn Winner?,,Brooklyn,Brooklyn,finalized
2025-26,Regular Season,0022500032,2025-11-07,SAS,HOU,KXNBAGAME-25NOV07HOUSAS,KXNBAGAME-25NOV07HOUSAS-SAS,binary,,,Houston vs San Antonio Winner?,,San Antonio,San Antonio,finalized
2025-26,Regular Season,0022500032,2025-11-07,SAS,HOU,KXNBAGAME-25NOV07HOUSAS,KXNBAGAME-25NOV07HOUSAS-HOU,binary,,,Houston vs San Antonio Winner?,,Houston,Houston,finalized
2025-26,Regular Season,0022500033,2025-11-07,MIA,CHA,KXNBAGAME-25NOV07CHAMIA,KXNBAGAME-25NOV07CHAMIA-MIA,binary,,,Charlotte vs Miami Winner?,,Miami,Miami,finalized
2025-26,Regular Season,0022500033,2025-11-07,MIA,CHA,KXNBAGAME-25NOV07CHAMIA,KXNBAGAME-25NOV07CHAMIA-CHA,binary,,,Charlotte vs Miami Winner?,,Charlotte,Charlotte,finalized
2025-26,Regular Season,0022500034,2025-11-07,MEM,DAL,KXNBAGAME-25NOV07DALMEM,KXNBAGAME-25NOV07DALMEM-MEM,binary,,,Dallas vs Memphis Winner?,,Memphis,Memphis,finalized
2025-26,Regular Season,0022500034,2025-11-07,MEM,DAL,KXNBAGAME-25NOV07DALMEM,KXNBAGAME-25NOV07DALMEM-DAL,binary,,,Dallas vs Memphis Winner?,,Dallas,Dallas,finalized
2025-26,Regular Season,0022500035,2025-11-07,MIL,CHI,KXNBAGAME-25NOV07CHIMIL,KXNBAGAME-25NOV07CHIMIL-MIL,binary,,,Chicago vs Milwaukee Winner?,,Milwaukee,Milwaukee,finalized
2025-26,Regular Season,0022500035,2025-11-07,MIL,CHI,KXNBAGAME-25NOV07CHIMIL,KXNBAGAME-25NOV07CHIMIL-CHI,binary,,,Chicago vs Milwaukee Winner?,,Chicago,Chicago,finalized
2025-26,Regular Season,0022500036,2025-11-07,MIN,UTA,KXNBAGAME-25NOV07UTAMIN,KXNBAGAME-25NOV07UTAMIN-UTA,binary,,,Utah vs Minnesota Winner?,,Utah,Utah,finalized
2025-26,Regular Season,0022500036,2025-11-07,MIN,UTA,KXNBAGAME-25NOV07UTAMIN,KXNBAGAME-25NOV07UTAMIN-MIN,binary,,,Utah vs Minnesota Winner?,,Minnesota,Minnesota,finalized
2025-26,Regular Season,0022500037,2025-11-07,DEN,GSW,KXNBAGAME-25NOV07GSWDEN,KXNBAGAME-25NOV07GSWDEN-GSW,binary,,,Golden State vs Denver Winner?,,Golden State,Golden State,finalized
2025-26,Regular Season,0022500037,2025-11-07,DEN,GSW,KXNBAGAME-25NOV07GSWDEN,KXNBAGAME-25NOV07GSWDEN-DEN,binary,,,Golden State vs Denver Winner?,,Denver,Denver,finalized
2025-26,Regular Season,0022500038,2025-11-07,SAC,OKC,KXNBAGAME-25NOV07OKCSAC,KXNBAGAME-25NOV07OKCSAC-SAC,binary,,,Oklahoma City vs Sacramento Winner?,,Sacramento,Sacramento,finalized
2025-26,Regular Season,0022500038,2025-11-07,SAC,OKC,KXNBAGAME-25NOV07OKCSAC,KXNBAGAME-25NOV07OKCSAC-OKC,binary,,,Oklahoma City vs Sacramento Winner?,,Oklahoma City,Oklahoma City,finalized
2025-26,Regular Season,0022500183,2025-11-08,WAS,DAL,KXNBAGAME-25NOV08DALWAS,KXNBAGAME-25NOV08DALWAS-WAS,binary,,,Dallas vs Washington Winner?,,Washington,Washington,finalized
2025-26,Regular Season,0022500183,2025-11-08,WAS,DAL,KXNBAGAME-25NOV08DALWAS,KXNBAGAME-25NOV08DALWAS-DAL,binary,,,Dallas vs Washington Winner?,,Dallas,Dallas,finalized
2025-26,Regular Season,0022500184,2025-11-08,PHI,TOR,KXNBAGAME-25NOV08TORPHI,KXNBAGAME-25NOV08TORPHI-TOR,binary,,,Toronto vs Philadelphia Winner?,,Toronto,Toronto,finalized
2025-26,Regular Season,0022500184,2025-11-08,PHI,TOR,KXNBAGAME-25NOV08TORPHI,KXNBAGAME-25NOV08TORPHI-PHI,binary,,,Toronto vs Philadelphia Winner?,,Philadelphia,Philadelphia,finalized
2025-26,Regular Season,0022500185,2025-11-08,ATL,LAL,KXNBAGAME-25NOV08LALATL,KXNBAGAME-25NOV08LALATL-LAL,binary,,,Los Angeles L vs Atlanta Winner?,,Los Angeles L,Los Angeles L,finalized
2025-26,Regular Season,0022500185,2025-11-08,ATL,LAL,KXNBAGAME-25NOV08LALATL,KXNBAGAME-25NOV08LALATL-ATL,binary,,,Los Angeles L vs Atlanta Winner?,,Atlanta,Atlanta,finalized
2025-26,Regular Season,0022500186,2025-11-08,CLE,CHI,KXNBAGAME-25NOV08CHICLE,KXNBAGAME-25NOV08CHICLE-CLE,binary,,,Chicago vs Cleveland Winner?,,Cleveland,Cleveland,finalized
2025-26,Regular Season,0022500186,2025-11-08,CLE,CHI,KXNBAGAME-25NOV08CHICLE,KXNBAGAME-25NOV08CHICLE-CHI,binary,,,Chicago vs Cleveland Winner?,,Chicago,Chicago,finalized
2025-26,Regular Season,0022500187,2025-11-08,MIA,POR,KXNBAGAME-25NOV08PORMIA,KXNBAGAME-25NOV08PORMIA-POR,binary,,,Portland vs Miami Winner?,,Portland,Portland,finalized
2025-26,Regular Season,0022500187,2025-11-08,MIA,POR,KXNBAGAME-25NOV08PORMIA,KXNBAGAME-25NOV08PORMIA-MIA,binary,,,Portland vs Miami Winner?,,Miami,Miami,finalized
2025-26,Regular Season,0022500188,2025-11-08,SAS,NOP,KXNBAGAME-25NOV08NOPSAS,KXNBAGAME-25NOV08NOPSAS-SAS,binary,,,New Orleans vs San Antonio Winner?,,San Antonio,San Antonio,finalized
2025-26,Regular Season,0022500188,2025-11-08,SAS,NOP,KXNBAGAME-25NOV08NOPSAS,KXNBAGAME-25NOV08NOPSAS-NOP,binary,,,New Orleans vs San Antonio Winner?,,New Orleans,New Orleans,finalized
2025-26,Regular Season,0022500189,2025-11-08,DEN,IND,KXNBAGAME-25NOV08INDDEN,KXNBAGAME-25NOV08INDDEN-IND,binary,,,Indiana vs Denver Winner?,,Indiana,Indiana,finalized
2025-26,Regular Season,0022500189,2025-11-08,DEN,IND,KXNBAGAME-25NOV08INDDEN,KXNBAGAME-25NOV08INDDEN-DEN,binary,,,Indiana vs Denver Winner?,,Denver,Denver,finalized
2025-26,Regular Season,0022500190,2025-11-08,LAC,PHX,KXNBAGAME-25NOV08PHXLAC,KXNBAGAME-25NOV08PHXLAC-PHX,binary,,,Phoenix vs Los Angeles C Winner?,,Phoenix,Phoenix,finalized
2025-26,Regular Season,0022500190,2025-11-08,LAC,PHX,KXNBAGAME-25NOV08PHXLAC,KXNBAGAME-25NOV08PHXLAC-LAC,binary,,,Phoenix vs Los Angeles C Winner?,,Los Angeles C,Los Angeles C,finalized
2025-26,Regular Season,0022500191,2025-11-09,MIL,HOU,KXNBAGAME-25NOV09HOUMIL,KXNBAGAME-25NOV09HOUMIL-MIL,binary,,,Houston vs Milwaukee Winner?,,Milwaukee,Milwaukee,finalized
2025-26,Regular Season,0022500191,2025-11-09,MIL,HOU,KXNBAGAME-25NOV09HOUMIL,KXNBAGAME-25NOV09HOUMIL-HOU,binary,,,Houston vs Milwaukee Winner?,,Houston,Houston,finalized
2025-26,Regular Season,0022500192,2025-11-09,NYK,BKN,KXNBAGAME-25NOV09BKNNYK,KXNBAGAME-25NOV09BKNNYK-NYK,binary,,,Brooklyn vs New York K Winner?,,New York K,New York K,finalized
2025-26,Regular Season,0022500192,2025-11-09,NYK,BKN,KXNBAGAME-25NOV09BKNNYK,KXNBAGAME-25NOV09BKNNYK-BKN,binary,,,Brooklyn vs New York K Winner?,,Brooklyn,Brooklyn,finalized
2025-26,Regular Season,0022500193,2025-11-09,ORL,BOS,KXNBAGAME-25NOV09BOSORL,KXNBAGAME-25NOV09BOSORL-ORL,binary,,,Boston vs Orlando Winner?,,Orlando,Orlando,finalized
2025-26,Regular Season,0022500193,2025-11-09,ORL,BOS,KXNBAGAME-25NOV09BOSORL,KXNBAGAME-25NOV09BOSORL-BOS,binary,,,Boston vs Orlando Winner?,,Boston,Boston,finalized
2025-26,Regular Season,0022500194,2025-11-09,MEM,OKC,KXNBAGAME-25NOV09OKCMEM,KXNBAGAME-25NOV09OKCMEM-OKC,binary,,,Oklahoma City vs Memphis Winner?,,Oklahoma City,Oklahoma City,finalized
2025-26,Regular Season,0022500194,2025-11-09,MEM,OKC,KXNBAGAME-25NOV09OKCMEM,KXNBAGAME-25NOV09OKCMEM-MEM,binary,,,Oklahoma City vs Memphis Winner?,,Memphis,Memphis,finalized
2025-26,Regular Season,0022500195,2025-11-09,PHI,DET,KXNBAGAME-25NOV09DETPHI,KXNBAGAME-25NOV09DETPHI-PHI,binary,,,Detroit vs Philadelphia Winner?,,Philadelphia,Philadelphia,finalized
2025-26,Regular Season,0022500195,2025-11-09,PHI,DET,KXNBAGAME-25NOV09DETPHI,KXNBAGAME-25NOV09DETPHI-DET,binary,,,Detroit vs Philadelphia Winner?,,Detroit,Detroit,finalized
2025-26,Regular Season,0022500196,2025-11-09,GSW,IND,KXNBAGAME-25NOV09INDGSW,KXNBAGAME-25NOV09INDGSW-IND,binary,,,Indiana vs Golden State Winner?,,Indiana,Indiana,finalized
2025-26,Regular Season,0022500196,2025-11-09,GSW,IND,KXNBAGAME-25NOV09INDGSW,KXNBAGAME-25NOV09INDGSW-GSW,binary,,,Indiana vs Golden State Winner?,,Golden State,Golden State,finalized
2025-26,Regular Season,0022500197,2025-11-09,SAC,MIN,KXNBAGAME-25NOV09MINSAC,KXNBAGAME-25NOV09MINSAC-SAC,binary,,,Minnesota vs Sacramento Winner?,,Sacramento,Sacramento,finalized
2025-26,Regular Season,0022500197,2025-11-09,SAC,MIN,KXNBAGAME-25NOV09MINSAC,KXNBAGAME-25NOV09MINSAC-MIN,binary,,,Minnesota vs Sacramento Winner?,,Minnesota,Minnesota,finalized
2025-26,Regular Season,0022500198,2025-11-10,CHA,LAL,KXNBAGAME-25NOV10LALCHA,KXNBAGAME-25NOV10LALCHA-LAL,binary,,,Los Angeles L vs Charlotte Winner?,,Los Angeles L,Los Angeles L,finalized
2025-26,Regular Season,0022500198,2025-11-10,CHA,LAL,KXNBAGAME-25NOV10LALCHA,KXNBAGAME-25NOV10LALCHA-CHA,binary,,,Los Angeles L vs Charlotte Winner?,,Charlotte,Charlotte,finalized
2025-26,Regular Season,0022500199,2025-11-10,DET,WAS,KXNBAGAME-25NOV10WASDET,KXNBAGAME-25NOV10WASDET-WAS,binary,,,Washington vs Detroit Winner?,,Washington,Washington,finalized
2025-26,Regular Season,0022500199,2025-11-10,DET,WAS,KXNBAGAME-25NOV10WASDET,KXNBAGAME-25NOV10WASDET-DET,binary,,,Washington vs Detroit Winner?,,Detroit,Detroit,finalized
2025-26,Regular Season,0022500200,2025-11-10,ORL,POR,KXNBAGAME-25NOV10PORORL,KXNBAGAME-25NOV10PORORL-POR,binary,,,Portland vs Orlando Winner?,,Portland,Portland,finalized
2025-26,Regular Season,0022500200,2025-11-10,ORL,POR,KXNBAGAME-25NOV10PORORL,KXNBAGAME-25NOV10PORORL-ORL,binary,,,Portland vs Orlando Winner?,,Orlando,Orlando,finalized
2025-26,Regular Season,0022500201,2025-11-10,MIA,CLE,KXNBAGAME-25NOV10CLEMIA,KXNBAGAME-25NOV10CLEMIA-MIA,binary,,,Cleveland vs Miami Winner?,,Miami,Miami,finalized
2025-26,Regular Season,0022500201,2025-11-10,MIA,CLE,KXNBAGAME-25NOV10CLEMIA,KXNBAGAME-25NOV10CLEMIA-CLE,binary,,,Cleveland vs Miami Winner?,,Cleveland,Cleveland,finalized
2025-26,Regular Season,0022500202,2025-11-10,CHI,SAS,KXNBAGAME-25NOV10SASCHI,KXNBAGAME-25NOV10SASCHI-SAS,binary,,,San Antonio vs Chicago Winner?,,San Antonio,San Antonio,finalized
2025-26,Regular Season,0022500202,2025-11-10,CHI,SAS,KXNBAGAME-25NOV10SASCHI,KXNBAGAME-25NOV10SASCHI-CHI,binary,,,San Antonio vs Chicago Winner?,,Chicago,Chicago,finalized
2025-26,Regular Season,0022500203,2025-11-10,DAL,MIL,KXNBAGAME-25NOV10MILDAL,KXNBAGAME-25NOV10MILDAL-MIL,binary,,,Milwaukee vs Dallas Winner?,,Milwaukee,Milwaukee,finalized
2025-26,Regular Season,0022500203,2025-11-10,DAL,MIL,KXNBAGAME-25NOV10MILDAL,KXNBAGAME-25NOV10MILDAL-DAL,binary,,,Milwaukee vs Dallas Winner?,,Dallas,Dallas,finalized
2025-26,Regular Season,0022500204,2025-11-10,PHX,NOP,KXNBAGAME-25NOV10NOPPHX,KXNBAGAME-25NOV10NOPPHX-PHX,binary,,,New Orleans vs Phoenix Winner?,,Phoenix,Phoenix,finalized
2025-26,Regular Season,0022500204,2025-11-10,PHX,NOP,KXNBAGAME-25NOV10NOPPHX,KXNBAGAME-25NOV10NOPPHX-NOP,binary,,,New Orleans vs Phoenix Winner?,,New Orleans,New Orleans,finalized
2025-26,Regular Season,0022500205,2025-11-10,UTA,MIN,KXNBAGAME-25NOV10MINUTA,KXNBAGAME-25NOV10MINUTA-UTA,binary,,,Minnesota vs Utah Winner?,,Utah,Utah,finalized
2025-26,Regular Season,0022500205,2025-11-10,UTA,MIN,KXNBAGAME-25NOV10MINUTA,KXNBAGAME-25NOV10MINUTA-MIN,binary,,,Minnesota vs Utah Winner?,,Minnesota,Minnesota,finalized
2025-26,Regular Season,0022500206,2025-11-10,LAC,ATL,KXNBAGAME-25NOV10ATLLAC,KXNBAGAME-25NOV10ATLLAC-LAC,binary,,,Atlanta vs Los Angeles C Winner?,,Los Angeles C,Los Angeles C,finalized
2025-26,Regular Season,0022500206,2025-11-10,LAC,ATL,KXNBAGAME-25NOV10ATLLAC,KXNBAGAME-25NOV10ATLLAC-ATL,binary,,,Atlanta vs Los Angeles C Winner?,,Atlanta,Atlanta,finalized
2025-26,Regular Season,0022500207,2025-11-11,BKN,TOR,KXNBAGAME-25NOV11TORBKN,KXNBAGAME-25NOV11TORBKN-TOR,binary,,,Toronto vs Brooklyn Winner?,,Toronto,Toronto,finalized
2025-26,Regular Season,0022500207,2025-11-11,BKN,TOR,KXNBAGAME-25NOV11TORBKN,KXNBAGAME-25NOV11TORBKN-BKN,binary,,,Toronto vs Brooklyn Winner?,,Brooklyn,Brooklyn,finalized
2025-26,Regular Season,0022500208,2025-11-11,NYK,MEM,KXNBAGAME-25NOV11MEMNYK,KXNBAGAME-25NOV11MEMNYK-NYK,binary,,,Memphis vs New York K Winner?,,New York K,New York K,finalized
2025-26,Regular Season,0022500208,2025-11-11,NYK,MEM,KXNBAGAME-25NOV11MEMNYK,KXNBAGAME-25NOV11MEMNYK-MEM,binary,,,Memphis vs New York K Winner?,,Memphis,Memphis,finalized
2025-26,Regular Season,0022500209,2025-11-11,PHI,BOS,KXNBAGAME-25NOV11BOSPHI,KXNBAGAME-25NOV11BOSPHI-PHI,binary,,,Boston vs Philadelphia Winner?,,Philadelphia,Philadelphia,finalized
2025-26,Regular Season,0022500209,2025-11-11,PHI,BOS,KXNBAGAME-25NOV11BOSPHI,KXNBAGAME-25NOV11BOSPHI-BOS,binary,,,Boston vs Philadelphia Winner?,,Boston,Boston,finalized
2025-26,Regular Season,0022500210,2025-11-11,OKC,GSW,KXNBAGAME-25NOV11GSWOKC,KXNBAGAME-25NOV11GSWOKC-OKC,binary,,,Golden State vs Oklahoma City Winner?,,Oklahoma City,Oklahoma City,finalized
2025-26,Regular Season,0022500210,2025-11-11,OKC,GSW,KXNBAGAME-25NOV11GSWOKC,KXNBAGAME-25NOV11GSWOKC-GSW,binary,,,Golden State vs Oklahoma City Winner?,,Golden State,Golden State,finalized
2025-26,Regular Season,0022500211,2025-11-11,UTA,IND,KXNBAGAME-25NOV11INDUTA,KXNBAGAME-25NOV11INDUTA-UTA,binary,,,Indiana vs Utah Winner?,,Utah,Utah,finalized
2025-26,Regular Season,0022500211,2025-11-11,UTA,IND,KXNBAGAME-25NOV11INDUTA,KXNBAGAME-25NOV11INDUTA-IND,binary,,,Indiana vs Utah Winner?,,Indiana,Indiana,finalized
2025-26,Regular Season,0022500212,2025-11-11,SAC,DEN,KXNBAGAME-25NOV11DENSAC,KXNBAGAME-25NOV11DENSAC-SAC,binary,,,Denver vs Sacramento Winner?,,Sacramento,Sacramento,finalized
2025-26,Regular Season,0022500212,2025-11-11,SAC,DEN,KXNBAGAME-25NOV11DENSAC,KXNBAGAME-25NOV11DENSAC-DEN,binary,,,Denver vs Sacramento Winner?,,Denver,Denver,finalized
2025-26,Regular Season,0022500213,2025-11-12,CHA,MIL,KXNBAGAME-25NOV12MILCHA,KXNBAGAME-25NOV12MILCHA-MIL,binary,,,Milwaukee vs Charlotte Winner?,,Milwaukee,Milwaukee,finalized
2025-26,Regular Season,0022500213,2025-11-12,CHA,MIL,KXNBAGAME-25NOV12MILCHA,KXNBAGAME-25NOV12MILCHA-CHA,binary,,,Milwaukee vs Charlotte Winner?,,Charlotte,Charlotte,finalized
2025-26,Regular Season,0022500214,2025-11-12,DET,CHI,KXNBAGAME-25NOV12CHIDET,KXNBAGAME-25NOV12CHIDET-DET,binary,,,Chicago vs Detroit Winner?,,Detroit,Detroit,finalized
2025-26,Regular Season,0022500214,2025-11-12,DET,CHI,KXNBAGAME-25NOV12CHIDET,KXNBAGAME-25NOV12CHIDET-CHI,binary,,,Chicago vs Detroit Winner?,,Chicago,Chicago,finalized
2025-26,Regular Season,0022500215,2025-11-12,NYK,ORL,KXNBAGAME-25NOV12ORLNYK,KXNBAGAME-25NOV12ORLNYK-ORL,binary,,,Orlando vs New York K Winner?,,Orlando,Orlando,finalized
2025-26,Regular Season,0022500215,2025-11-12,NYK,ORL,KXNBAGAME-25NOV12ORLNYK,KXNBAGAME-25NOV12ORLNYK-NYK,binary,,,Orlando vs New York K Winner?,,New York K,New York K,finalized
2025-26,Regular Season,0022500216,2025-11-12,BOS,MEM,KXNBAGAME-25NOV12MEMBOS,KXNBAGAME-25NOV12MEMBOS-MEM,binary,,,Memphis vs Boston Winner?,,Memphis,Memphis,finalized
2025-26,Regular Season,0022500216,2025-11-12,BOS,MEM,KXNBAGAME-25NOV12MEMBOS,KXNBAGAME-25NOV12MEMBOS-BOS,binary,,,Memphis vs Boston Winner?,,Boston,Boston,finalized
2025-26,Regular Season,0022500217,2025-11-12,MIA,CLE,KXNBAGAME-25NOV12CLEMIA,KXNBAGAME-25NOV12CLEMIA-MIA,binary,,,Cleveland vs Miami Winner?,,Miami,Miami,finalized
2025-26,Regular Season,0022500217,2025-11-12,MIA,CLE,KXNBAGAME-25NOV12CLEMIA,KXNBAGAME-25NOV12CLEMIA-CLE,binary,,,Cleveland vs Miami Winner?,,Cleveland,Cleveland,finalized
2025-26,Regular Season,0022500218,2025-11-12,HOU,WAS,KXNBAGAME-25NOV12WASHOU,KXNBAGAME-25NOV12WASHOU-WAS,binary,,,Washington vs Houston Winner?,,Washington,Washington,finalized
2025-26,Regular Season,0022500218,2025-11-12,HOU,WAS,KXNBAGAME-25NOV12WASHOU,KXNBAGAME-25NOV12WASHOU-HOU,binary,,,Washington vs Houston Winner?,,Houston,Houston,finalized
2025-26,Regular Season,0022500219,2025-11-12,NOP,POR,KXNBAGAME-25NOV12PORNOP,KXNBAGAME-25NOV12PORNOP-POR,binary,,,Portland vs New Orleans Winner?,,Portland,Portland,finalized
2025-26,Regular Season,0022500219,2025-11-12,NOP,POR,KXNBAGAME-25NOV12PORNOP,KXNBAGAME-25NOV12PORNOP-NOP,binary,,,Portland vs New Orleans Winner?,,New Orleans,New Orleans,finalized
2025-26,Regular Season,0022500220,2025-11-12,SAS,GSW,KXNBAGAME-25NOV12GSWSAS,KXNBAGAME-25NOV12GSWSAS-SAS,binary,,,Golden State vs San Antonio Winner?,,San Antonio,San Antonio,finalized
2025-26,Regular Season,0022500220,2025-11-12,SAS,GSW,KXNBAGAME-25NOV12GSWSAS,KXNBAGAME-25NOV12GSWSAS-GSW,binary,,,Golden State vs San Antonio Winner?,,Golden State,Golden State,finalized
2025-26,Regular Season,0022500221,2025-11-12,DAL,PHX,KXNBAGAME-25NOV12PHXDAL,KXNBAGAME-25NOV12PHXDAL-PHX,binary,,,Phoenix vs Dallas Winner?,,Phoenix,Phoenix,finalized
2025-26,Regular Season,0022500221,2025-11-12,DAL,PHX,KXNBAGAME-25NOV12PHXDAL,KXNBAGAME-25NOV12PHXDAL-DAL,binary,,,Phoenix vs Dallas Winner?,,Dallas,Dallas,finalized
2025-26,Regular Season,0022500222,2025-11-12,OKC,LAL,KXNBAGAME-25NOV12LALOKC,KXNBAGAME-25NOV12LALOKC-OKC,binary,,,Los Angeles L vs Oklahoma City Winner?,,Oklahoma City,Oklahoma City,finalized
2025-26,Regular Season,0022500222,2025-11-12,OKC,LAL,KXNBAGAME-25NOV12LALOKC,KXNBAGAME-25NOV12LALOKC-LAL,binary,,,Los Angeles L vs Oklahoma City Winner?,,Los Angeles L,Los Angeles L,finalized
2025-26,Regular Season,0022500223,2025-11-12,SAC,ATL,KXNBAGAME-25NOV12ATLSAC,KXNBAGAME-25NOV12ATLSAC-SAC,binary,,,Atlanta vs Sacramento Winner?,,Sacramento,Sacramento,finalized
2025-26,Regular Season,0022500223,2025-11-12,SAC,ATL,KXNBAGAME-25NOV12ATLSAC,KXNBAGAME-25NOV12ATLSAC-ATL,binary,,,Atlanta vs Sacramento Winner?,,Atlanta,Atlanta,finalized
2025-26,Regular Season,0022500224,2025-11-12,LAC,DEN,KXNBAGAME-25NOV12DENLAC,KXNBAGAME-25NOV12DENLAC-LAC,binary,,,Denver vs Los Angeles C Winner?,,Los Angeles C,Los Angeles C,finalized
2025-26,Regular Season,0022500224,2025-11-12,LAC,DEN,KXNBAGAME-25NOV12DENLAC,KXNBAGAME-25NOV12DENLAC-DEN,binary,,,Denver vs Los Angeles C Winner?,,Denver,Denver,finalized
2025-26,Regular Season,0022500225,2025-11-13,CLE,TOR,KXNBAGAME-25NOV13TORCLE,KXNBAGAME-25NOV13TORCLE-TOR,binary,,,Toronto vs Cleveland Winner?,,Toronto,Toronto,finalized
2025-26,Regular Season,0022500225,2025-11-13,CLE,TOR,KXNBAGAME-25NOV13TORCLE,KXNBAGAME-25NOV13TORCLE-CLE,binary,,,Toronto vs Cleveland Winner?,,Cleveland,Cleveland,finalized
2025-26,Regular Season,0022500226,2025-11-13,PHX,IND,KXNBAGAME-25NOV13INDPHX,KXNBAGAME-25NOV13INDPHX-PHX,binary,,,Indiana vs Phoenix Winner?,,Phoenix,Phoenix,finalized
2025-26,Regular Season,0022500226,2025-11-13,PHX,IND,KXNBAGAME-25NOV13INDPHX,KXNBAGAME-25NOV13INDPHX-IND,binary,,,Indiana vs Phoenix Winner?,,Indiana,Indiana,finalized
2025-26,Regular Season,0022500227,2025-11-13,UTA,ATL,KXNBAGAME-25NOV13ATLUTA,KXNBAGAME-25NOV13ATLUTA-UTA,binary,,,Atlanta vs Utah Winner?,,Utah,Utah,finalized
2025-26,Regular Season,0022500227,2025-11-13,UTA,ATL,KXNBAGAME-25NOV13ATLUTA,KXNBAGAME-25NOV13ATLUTA-ATL,binary,,,Atlanta vs Utah Winner?,,Atlanta,Atlanta,finalized
2025-26,Regular Season,0022500039,2025-11-14,NYK,MIA,KXNBAGAME-25NOV14MIANYK,KXNBAGAME-25NOV14MIANYK-NYK,binary,,,Miami vs New York K Winner?,,New York K,New York K,finalized
2025-26,Regular Season,0022500039,2025-11-14,NYK,MIA,KXNBAGAME-25NOV14MIANYK,KXNBAGAME-25NOV14MIANYK-MIA,binary,,,Miami vs New York K Winner?,,Miami,Miami,finalized
2025-26,Regular Season,0022500040,2025-11-14,ORL,BKN,KXNBAGAME-25NOV14BKNORL,KXNBAGAME-25NOV14BKNORL-ORL,binary,,,Brooklyn vs Orlando Winner?,,Orlando,Orlando,finalized
2025-26,Regular Season,0022500040,2025-11-14,ORL,BKN,KXNBAGAME-25NOV14BKNORL,KXNBAGAME-25NOV14BKNORL-BKN,binary,,,Brooklyn vs Orlando Winner?,,Brooklyn,Brooklyn,finalized
2025-26,Regular Season,0022500041,2025-11-14,DET,PHI,KXNBAGAME-25NOV14PHIDET,KXNBAGAME-25NOV14PHIDET-PHI,binary,,,Philadelphia vs Detroit Winner?,,Philadelphia,Philadelphia,finalized
2025-26,Regular Season,0022500041,2025-11-14,DET,PHI,KXNBAGAME-25NOV14PHIDET,KXNBAGAME-25NOV14PHIDET-DET,binary,,,Philadelphia vs Detroit Winner?,,Detroit,Detroit,finalized
2025-26,Regular Season,0022500042,2025-11-14,HOU,POR,KXNBAGAME-25NOV14PORHOU,KXNBAGAME-25NOV14PORHOU-POR,binary,,,Portland vs Houston Winner?,,Portland,Portland,finalized
2025-26,Regular Season,0022500042,2025-11-14,HOU,POR,KXNBAGAME-25NOV14PORHOU,KXNBAGAME-25NOV14PORHOU-HOU,binary,,,Portland vs Houston Winner?,,Houston,Houston,finalized
2025-26,Regular Season,0022500043,2025-11-14,MIL,CHA,KXNBAGAME-25NOV14CHAMIL,KXNBAGAME-25NOV14CHAMIL-MIL,binary,,,Charlotte vs Milwaukee Winner?,,Milwaukee,Milwaukee,finalized
2025-26,Regular Season,0022500043,2025-11-14,MIL,CHA,KXNBAGAME-25NOV14CHAMIL,KXNBAGAME-25NOV14CHAMIL-CHA,binary,,,Charlotte vs Milwaukee Winner?,,Charlotte,Charlotte,finalized
2025-26,Regular Season,0022500044,2025-11-14,MIN,SAC,KXNBAGAME-25NOV14SACMIN,KXNBAGAME-25NOV14SACMIN-SAC,binary,,,Sacramento vs Minnesota Winner?,,Sacramento,Sacramento,finalized
2025-26,Regular Season,0022500044,2025-11-14,MIN,SAC,KXNBAGAME-25NOV14SACMIN,KXNBAGAME-25NOV14SACMIN-MIN,binary,,,Sacramento vs Minnesota Winner?,,Minnesota,Minnesota,finalized
2025-26,Regular Season,0022500045,2025-11-14,NOP,LAL,KXNBAGAME-25NOV14LALNOP,KXNBAGAME-25NOV14LALNOP-NOP,binary,,,Los Angeles L vs New Orleans Winner?,,New Orleans,New Orleans,finalized
2025-26,Regular Season,0022500045,2025-11-14,NOP,LAL,KXNBAGAME-25NOV14LALNOP,KXNBAGAME-25NOV14LALNOP-LAL,binary,,,Los Angeles L vs New Orleans Winner?,,Los Angeles L,Los Angeles L,finalized
2025-26,Regular Season,0022500046,2025-11-14,DAL,LAC,KXNBAGAME-25NOV14LACDAL,KXNBAGAME-25NOV14LACDAL-LAC,binary,,,Los Angeles C vs Dallas Winner?,,Los Angeles C,Los Angeles C,finalized
2025-26,Regular Season,0022500046,2025-11-14,DAL,LAC,KXNBAGAME-25NOV14LACDAL,KXNBAGAME-25NOV14LACDAL-DAL,binary,,,Los Angeles C vs Dallas Winner?,,Dallas,Dallas,finalized
2025-26,Regular Season,0022500047,2025-11-14,SAS,GSW,KXNBAGAME-25NOV14GSWSAS,KXNBAGAME-25NOV14GSWSAS-SAS,binary,,,Golden State vs San Antonio Winner?,,San Antonio,San Antonio,finalized
2025-26,Regular Season,0022500047,2025-11-14,SAS,GSW,KXNBAGAME-25NOV14GSWSAS,KXNBAGAME-25NOV14GSWSAS-GSW,binary,,,Golden State vs San Antonio Winner?,,Golden State,Golden State,finalized
2025-26,Regular Season,0022500228,2025-11-15,CLE,MEM,KXNBAGAME-25NOV15MEMCLE,KXNBAGAME-25NOV15MEMCLE-MEM,binary,,,Memphis vs Cleveland Winner?,,Memphis,Memphis,finalized
2025-26,Regular Season,0022500228,2025-11-15,CLE,MEM,KXNBAGAME-25NOV15MEMCLE,KXNBAGAME-25NOV15MEMCLE-CLE,binary,,,Memphis vs Cleveland Winner?,,Cleveland,Cleveland,finalized
2025-26,Regular Season,0022500229,2025-11-15,CHA,OKC,KXNBAGAME-25NOV15OKCCHA,KXNBAGAME-25NOV15OKCCHA-OKC,binary,,,Oklahoma City vs Charlotte Winner?,,Oklahoma City,Oklahoma City,finalized
2025-26,Regular Season,0022500229,2025-11-15,CHA,OKC,KXNBAGAME-25NOV15OKCCHA,KXNBAGAME-25NOV15OKCCHA-CHA,binary,,,Oklahoma City vs Charlotte Winner?,,Charlotte,Charlotte,finalized
2025-26,Regular Season,0022500230,2025-11-15,IND,TOR,KXNBAGAME-25NOV15TORIND,KXNBAGAME-25NOV15TORIND-TOR,binary,,,Toronto vs Indiana Winner?,,Toronto,Toronto,finalized
2025-26,Regular Season,0022500230,2025-11-15,IND,TOR,KXNBAGAME-25NOV15TORIND,KXNBAGAME-25NOV15TORIND-IND,binary,,,Toronto vs Indiana Winner?,,Indiana,Indiana,finalized
2025-26,Regular Season,0022500231,2025-11-15,MIL,LAL,KXNBAGAME-25NOV15LALMIL,KXNBAGAME-25NOV15LALMIL-MIL,binary,,,Los Angeles L vs Milwaukee Winner?,,Milwaukee,Milwaukee,finalized
2025-26,Regular Season,0022500231,2025-11-15,MIL,LAL,KXNBAGAME-25NOV15LALMIL,KXNBAGAME-25NOV15LALMIL-LAL,binary,,,Los Angeles L vs Milwaukee Winner?,,Los Angeles L,Los Angeles L,finalized
2025-26,Regular Season,0022500232,2025-11-15,MIN,DEN,KXNBAGAME-25NOV15DENMIN,KXNBAGAME-25NOV15DENMIN-MIN,binary,,,Denver vs Minnesota Winner?,,Minnesota,Minnesota,finalized
2025-26,Regular Season,0022500232,2025-11-15,MIN,DEN,KXNBAGAME-25NOV15DENMIN,KXNBAGAME-25NOV15DENMIN-DEN,binary,,,Denver vs Minnesota Winner?,,Denver,Denver,finalized
2025-26,Regular Season,0022500233,2025-11-16,BOS,LAC,KXNBAGAME-25NOV16LACBOS,KXNBAGAME-25NOV16LACBOS-LAC,binary,,,Los Angeles C vs Boston Winner?,,Los Angeles C,Los Angeles C,finalized
2025-26,Regular Season,0022500233,2025-11-16,BOS,LAC,KXNBAGAME-25NOV16LACBOS,KXNBAGAME-25NOV16LACBOS-BOS,binary,,,Los Angeles C vs Boston Winner?,,Boston,Boston,finalized
2025-26,Regular Season,0022500234,2025-11-16,SAS,SAC,KXNBAGAME-25NOV16SACSAS,KXNBAGAME-25NOV16SACSAS-SAS,binary,,,Sacramento vs San Antonio Winner?,,San Antonio,San Antonio,finalized
2025-26,Regular Season,0022500234,2025-11-16,SAS,SAC,KXNBAGAME-25NOV16SACSAS,KXNBAGAME-25NOV16SACSAS-SAC,binary,,,Sacramento vs San Antonio Winner?,,Sacramento,Sacramento,finalized
2025-26,Regular Season,0022500235,2025-11-16,WAS,BKN,KXNBAGAME-25NOV16BKNWAS,KXNBAGAME-25NOV16BKNWAS-WAS,binary,,,Brooklyn vs Washington Winner?,,Washington,Washington,finalized
2025-26,Regular Season,0022500235,2025-11-16,WAS,BKN,KXNBAGAME-25NOV16BKNWAS,KXNBAGAME-25NOV16BKNWAS-BKN,binary,,,Brooklyn vs Washington Winner?,,Brooklyn,Brooklyn,finalized
2025-26,Regular Season,0022500236,2025-11-16,HOU,ORL,KXNBAGAME-25NOV16ORLHOU,KXNBAGAME-25NOV16ORLHOU-ORL,binary,,,Orlando vs Houston Winner?,,Orlando,Orlando,finalized
2025-26,Regular Season,0022500236,2025-11-16,HOU,ORL,KXNBAGAME-25NOV16ORLHOU,KXNBAGAME-25NOV16ORLHOU-HOU,binary,,,Orlando vs Houston Winner?,,Houston,Houston,finalized
2025-26,Regular Season,0022500237,2025-11-16,NOP,GSW,KXNBAGAME-25NOV16GSWNOP,KXNBAGAME-25NOV16GSWNOP-NOP,binary,,,Golden State vs New Orleans Winner?,,New Orleans,New Orleans,finalized
2025-26,Regular Season,0022500237,2025-11-16,NOP,GSW,KXNBAGAME-25NOV16GSWNOP,KXNBAGAME-25NOV16GSWNOP-GSW,binary,,,Golden State vs New Orleans Winner?,,Golden State,Golden State,finalized
2025-26,Regular Season,0022500238,2025-11-16,DAL,POR,KXNBAGAME-25NOV16PORDAL,KXNBAGAME-25NOV16PORDAL-POR,binary,,,Portland vs Dallas Winner?,,Portland,Portland,finalized
2025-26,Regular Season,0022500238,2025-11-16,DAL,POR,KXNBAGAME-25NOV16PORDAL,KXNBAGAME-25NOV16PORDAL-DAL,binary,,,Portland vs Dallas Winner?,,Dallas,Dallas,finalized
2025-26,Regular Season,0022500239,2025-11-16,PHX,ATL,KXNBAGAME-25NOV16ATLPHX,KXNBAGAME-25NOV16ATLPHX-PHX,binary,,,Atlanta vs Phoenix Winner?,,Phoenix,Phoenix,finalized
2025-26,Regular Season,0022500239,2025-11-16,PHX,ATL,KXNBAGAME-25NOV16ATLPHX,KXNBAGAME-25NOV16ATLPHX-ATL,binary,,,Atlanta vs Phoenix Winner?,,Atlanta,Atlanta,finalized
2025-26,Regular Season,0022500240,2025-11-16,UTA,CHI,KXNBAGAME-25NOV16CHIUTA,KXNBAGAME-25NOV16CHIUTA-UTA,binary,,,Chicago vs Utah Winner?,,Utah,Utah,finalized
2025-26,Regular Season,0022500240,2025-11-16,UTA,CHI,KXNBAGAME-25NOV16CHIUTA,KXNBAGAME-25NOV16CHIUTA-CHI,binary,,,Chicago vs Utah Winner?,,Chicago,Chicago,finalized
2025-26,Regular Season,0022500241,2025-11-17,CLE,MIL,KXNBAGAME-25NOV17MILCLE,KXNBAGAME-25NOV17MILCLE-MIL,binary,,,Milwaukee vs Cleveland Winner?,,Milwaukee,Milwaukee,finalized
2025-26,Regular Season,0022500241,2025-11-17,CLE,MIL,KXNBAGAME-25NOV17MILCLE,KXNBAGAME-25NOV17MILCLE-CLE,binary,,,Milwaukee vs Cleveland Winner?,,Cleveland,Cleveland,finalized
2025-26,Regular Season,0022500242,2025-11-17,DET,IND,KXNBAGAME-25NOV17INDDET,KXNBAGAME-25NOV17INDDET-IND,binary,,,Indiana vs Detroit Winner?,,Indiana,Indiana,finalized
2025-26,Regular Season,0022500242,2025-11-17,DET,IND,KXNBAGAME-25NOV17INDDET,KXNBAGAME-25NOV17INDDET-DET,binary,,,Indiana vs Detroit Winner?,,Detroit,Detroit,finalized
2025-26,Regular Season,0022500243,2025-11-17,PHI,LAC,KXNBAGAME-25NOV17LACPHI,KXNBAGAME-25NOV17LACPHI-PHI,binary,,,Los Angeles C vs Philadelphia Winner?,,Philadelphia,Philadelphia,finalized
2025-26,Regular Season,0022500243,2025-11-17,PHI,LAC,KXNBAGAME-25NOV17LACPHI,KXNBAGAME-25NOV17LACPHI-LAC,binary,,,Los Angeles C vs Philadelphia Winner?,,Los Angeles C,Los Angeles C,finalized
2025-26,Regular Season,0022500244,2025-11-17,MIA,NYK,KXNBAGAME-25NOV17NYKMIA,KXNBAGAME-25NOV17NYKMIA-NYK,binary,,,New York K vs Miami Winner?,,New York K,New York K,finalized
2025-26,Regular Season,0022500244,2025-11-17,MIA,NYK,KXNBAGAME-25NOV17NYKMIA,KXNBAGAME-25NOV17NYKMIA-MIA,binary,,,New York K vs Miami Winner?,,Miami,Miami,finalized
2025-26,Regular Season,0022500245,2025-11-17,TOR,CHA,KXNBAGAME-25NOV17CHATOR,KXNBAGAME-25NOV17CHATOR-TOR,binary,,,Charlotte vs Toronto Winner?,,Toronto,Toronto,finalized
2025-26,Regular Season,0022500245,2025-11-17,TOR,CHA,KXNBAGAME-25NOV17CHATOR,KXNBAGAME-25NOV17CHATOR-CHA,binary,,,Charlotte vs Toronto Winner?,,Charlotte,Charlotte,finalized
2025-26,Regular Season,0022500246,2025-11-17,MIN,DAL,KXNBAGAME-25NOV17DALMIN,KXNBAGAME-25NOV17DALMIN-MIN,binary,,,Dallas vs Minnesota Winner?,,Minnesota,Minnesota,finalized
2025-26,Regular Season,0022500246,2025-11-17,MIN,DAL,KXNBAGAME-25NOV17DALMIN,KXNBAGAME-25NOV17DALMIN-DAL,binary,,,Dallas vs Minnesota Winner?,,Dallas,Dallas,finalized
2025-26,Regular Season,0022500247,2025-11-17,NOP,OKC,KXNBAGAME-25NOV17OKCNOP,KXNBAGAME-25NOV17OKCNOP-OKC,binary,,,Oklahoma City vs New Orleans Winner?,,Oklahoma City,Oklahoma City,finalized
2025-26,Regular Season,0022500247,2025-11-17,NOP,OKC,KXNBAGAME-25NOV17OKCNOP,KXNBAGAME-25NOV17OKCNOP-NOP,binary,,,Oklahoma City vs New Orleans Winner?,,New Orleans,New Orleans,finalized
2025-26,Regular Season,0022500248,2025-11-17,DEN,CHI,KXNBAGAME-25NOV17CHIDEN,KXNBAGAME-25NOV17CHIDEN-DEN,binary,,,Chicago vs Denver Winner?,,Denver,Denver,finalized
2025-26,Regular Season,0022500248,2025-11-17,DEN,CHI,KXNBAGAME-25NOV17CHIDEN,KXNBAGAME-25NOV17CHIDEN-CHI,binary,,,Chicago vs Denver Winner?,,Chicago,Chicago,finalized
2025-26,Regular Season,0022500249,2025-11-18,ORL,GSW,KXNBAGAME-25NOV18GSWORL,KXNBAGAME-25NOV18GSWORL-ORL,binary,,,Golden State vs Orlando Winner?,,Orlando,Orlando,finalized
2025-26,Regular Season,0022500249,2025-11-18,ORL,GSW,KXNBAGAME-25NOV18GSWORL,KXNBAGAME-25NOV18GSWORL-GSW,binary,,,Golden State vs Orlando Winner?,,Golden State,Golden State,finalized
2025-26,Regular Season,0022500250,2025-11-18,BKN,BOS,KXNBAGAME-25NOV18BOSBKN,KXNBAGAME-25NOV18BOSBKN-BOS,binary,,,Boston vs Brooklyn Winner?,,Boston,Boston,finalized
2025-26,Regular Season,0022500250,2025-11-18,BKN,BOS,KXNBAGAME-25NOV18BOSBKN,KXNBAGAME-25NOV18BOSBKN-BKN,binary,,,Boston vs Brooklyn Winner?,,Brooklyn,Brooklyn,finalized
2025-26,Regular Season,0022500251,2025-11-18,ATL,DET,KXNBAGAME-25NOV18DETATL,KXNBAGAME-25NOV18DETATL-DET,binary,,,Detroit vs Atlanta Winner?,,Detroit,Detroit,finalized
2025-26,Regular Season,0022500251,2025-11-18,ATL,DET,KXNBAGAME-25NOV18DETATL,KXNBAGAME-25NOV18DETATL-ATL,binary,,,Detroit vs Atlanta Winner?,,Atlanta,Atlanta,finalized
2025-26,Regular Season,0022500252,2025-11-18,SAS,MEM,KXNBAGAME-25NOV18MEMSAS,KXNBAGAME-25NOV18MEMSAS-SAS,binary,,,Memphis vs San Antonio Winner?,,San Antonio,San Antonio,finalized
2025-26,Regular Season,0022500252,2025-11-18,SAS,MEM,KXNBAGAME-25NOV18MEMSAS,KXNBAGAME-25NOV18MEMSAS-MEM,binary,,,Memphis vs San Antonio Winner?,,Memphis,Memphis,finalized
2025-26,Regular Season,0022500253,2025-11-18,LAL,UTA,KXNBAGAME-25NOV18UTALAL,KXNBAGAME-25NOV18UTALAL-UTA,binary,,,Utah vs Los Angeles L Winner?,,Utah,Utah,finalized
2025-26,Regular Season,0022500253,2025-11-18,LAL,UTA,KXNBAGAME-25NOV18UTALAL,KXNBAGAME-25NOV18UTALAL-LAL,binary,,,Utah vs Los Angeles L Winner?,,Los Angeles L,Los Angeles L,finalized
2025-26,Regular Season,0022500254,2025-11-18,POR,PHX,KXNBAGAME-25NOV18PHXPOR,KXNBAGAME-25NOV18PHXPOR-POR,binary,,,Phoenix vs Portland Winner?,,Portland,Portland,finalized
2025-26,Regular Season,0022500254,2025-11-18,POR,PHX,KXNBAGAME-25NOV18PHXPOR,KXNBAGAME-25NOV18PHXPOR-PHX,binary,,,Phoenix vs Portland Winner?,,Phoenix,Phoenix,finalized
2025-26,Regular Season,0022500255,2025-11-19,CLE,HOU,KXNBAGAME-25NOV19HOUCLE,KXNBAGAME-25NOV19HOUCLE-HOU,binary,,,Houston vs Cleveland Winner?,,Houston,Houston,finalized
2025-26,Regular Season,0022500255,2025-11-19,CLE,HOU,KXNBAGAME-25NOV19HOUCLE,KXNBAGAME-25NOV19HOUCLE-CLE,binary,,,Houston vs Cleveland Winner?,,Cleveland,Cleveland,finalized
2025-26,Regular Season,0022500256,2025-11-19,IND,CHA,KXNBAGAME-25NOV19CHAIND,KXNBAGAME-25NOV19CHAIND-IND,binary,,,Charlotte vs Indiana Winner?,,Indiana,Indiana,finalized
2025-26,Regular Season,0022500256,2025-11-19,IND,CHA,KXNBAGAME-25NOV19CHAIND,KXNBAGAME-25NOV19CHAIND-CHA,binary,,,Charlotte vs Indiana Winner?,,Charlotte,Charlotte,finalized
2025-26,Regular Season,0022500257,2025-11-19,MIA,GSW,KXNBAGAME-25NOV19GSWMIA,KXNBAGAME-25NOV19GSWMIA-MIA,binary,,,Golden State vs Miami Winner?,,Miami,Miami,finalized
2025-26,Regular Season,0022500257,2025-11-19,MIA,GSW,KXNBAGAME-25NOV19GSWMIA,KXNBAGAME-25NOV19GSWMIA-GSW,binary,,,Golden State vs Miami Winner?,,Golden State,Golden State,finalized
2025-26,Regular Season,0022500258,2025-11-19,PHI,TOR,KXNBAGAME-25NOV19TORPHI,KXNBAGAME-25NOV19TORPHI-TOR,binary,,,Toronto vs Philadelphia Winner?,,Toronto,Toronto,finalized
2025-26,Regular Season,0022500258,2025-11-19,PHI,TOR,KXNBAGAME-25NOV19TORPHI,KXNBAGAME-25NOV19TORPHI-PHI,binary,,,Toronto vs Philadelphia Winner?,,Philadelphia,Philadelphia,finalized
2025-26,Regular Season,0022500259,2025-11-19,MIN,WAS,KXNBAGAME-25NOV19WASMIN,KXNBAGAME-25NOV19WASMIN-WAS,binary,,,Washington vs Minnesota Winner?,,Washington,Washington,finalized
2025-26,Regular Season,0022500259,2025-11-19,MIN,WAS,KXNBAGAME-25NOV19WASMIN,KXNBAGAME-25NOV19WASMIN-MIN,binary,,,Washington vs Minnesota Winner?,,Minnesota,Minnesota,finalized
2025-26,Regular Season,0022500260,2025-11-19,NOP,DEN,KXNBAGAME-25NOV19DENNOP,KXNBAGAME-25NOV19DENNOP-NOP,binary,,,Denver vs New Orleans Winner?,,New Orleans,New Orleans,finalized
2025-26,Regular Season,0022500260,2025-11-19,NOP,DEN,KXNBAGAME-25NOV19DENNOP,KXNBAGAME-25NOV19DENNOP-DEN,binary,,,Denver vs New Orleans Winner?,,Denver,Denver,finalized
2025-26,Regular Season,0022500261,2025-11-19,OKC,SAC,KXNBAGAME-25NOV19SACOKC,KXNBAGAME-25NOV19SACOKC-SAC,binary,,,Sacramento vs Oklahoma City Winner?,,Sacramento,Sacramento,finalized
2025-26,Regular Season,0022500261,2025-11-19,OKC,SAC,KXNBAGAME-25NOV19SACOKC,KXNBAGAME-25NOV19SACOKC-OKC,binary,,,Sacramento vs Oklahoma City Winner?,,Oklahoma City,Oklahoma City,finalized
2025-26,Regular Season,0022500262,2025-11-19,DAL,NYK,KXNBAGAME-25NOV19NYKDAL,KXNBAGAME-25NOV19NYKDAL-NYK,binary,,,New York K vs Dallas Winner?,,New York K,New York K,finalized
2025-26,Regular Season,0022500262,2025-11-19,DAL,NYK,KXNBAGAME-25NOV19NYKDAL,KXNBAGAME-25NOV19NYKDAL-DAL,binary,,,New York K vs Dallas Winner?,,Dallas,Dallas,finalized
2025-26,Regular Season,0022500263,2025-11-19,POR,CHI,KXNBAGAME-25NOV19CHIPOR,KXNBAGAME-25NOV19CHIPOR-POR,binary,,,Chicago vs Portland Winner?,,Portland,Portland,finalized
2025-26,Regular Season,0022500263,2025-11-19,POR,CHI,KXNBAGAME-25NOV19CHIPOR,KXNBAGAME-25NOV19CHIPOR-CHI,binary,,,Chicago vs Portland Winner?,,Chicago,Chicago,finalized
